split,class,file,width,height,channels,file_size_kb
Training,glioma,Tr-gl_917.jpg,512,512,1,21.853515625
Training,glioma,Tr-gl_1203.jpg,512,512,1,20.4599609375
Training,glioma,Tr-gl_1044.jpg,512,512,1,24.416015625
Training,glioma,Tr-gl_245.jpg,512,512,1,19.6298828125
Training,glioma,Tr-gl_19.jpg,512,512,3,18.9794921875
Training,glioma,Tr-gl_15.jpg,512,512,1,23.0244140625
Training,glioma,Tr-gl_1255.jpg,512,512,3,24.8955078125
Training,glioma,Tr-gl_1187.jpg,512,512,1,14.1083984375
Training,glioma,Tr-gl_986.jpg,512,512,1,14.2802734375
Training,glioma,Tr-gl_743.jpg,512,512,1,27.82421875
Training,glioma,Tr-gl_1159.jpg,512,512,1,14.56640625
Training,glioma,Tr-gl_827.jpg,512,512,1,14.4462890625
Training,glioma,Tr-gl_516.jpg,512,512,3,28.318359375
Training,glioma,Tr-gl_1057.jpg,512,512,3,25.4091796875
Training,glioma,Tr-gl_1053.jpg,512,512,1,24.435546875
Training,glioma,Tr-gl_1170.jpg,512,512,3,24.3046875
Training,glioma,Tr-gl_1400.jpg,512,512,1,18.90234375
Training,glioma,Tr-gl_167.jpg,512,512,1,21.3369140625
Training,glioma,Tr-gl_67.jpg,512,512,1,17.7646484375
Training,glioma,Tr-gl_848.jpg,512,512,1,17.423828125
Training,glioma,Tr-gl_1047.jpg,512,512,1,19.8466796875
Training,glioma,Tr-gl_773.jpg,512,512,1,14.6767578125
Training,glioma,Tr-gl_1365.jpg,512,512,1,10.8857421875
Training,glioma,Tr-gl_936.jpg,512,512,1,20.64453125
Training,glioma,Tr-gl_511.jpg,512,512,1,21.275390625
Training,glioma,Tr-gl_144.jpg,512,512,1,19.6533203125
Training,glioma,Tr-gl_566.jpg,512,512,1,14.1337890625
Training,glioma,Tr-gl_824.jpg,512,512,3,27.50390625
Training,glioma,Tr-gl_250.jpg,512,512,1,27.6455078125
Training,glioma,Tr-gl_101.jpg,512,512,1,18.0595703125
Training,glioma,Tr-gl_1292.jpg,512,512,1,16.546875
Training,glioma,Tr-gl_517.jpg,512,512,1,16.3798828125
Training,glioma,Tr-gl_365.jpg,512,512,1,14.4453125
Training,glioma,Tr-gl_1285.jpg,512,512,1,21.3984375
Training,glioma,Tr-gl_1395.jpg,512,512,1,22.0712890625
Training,glioma,Tr-gl_359.jpg,512,512,1,21.6953125
Training,glioma,Tr-gl_1169.jpg,512,512,1,18.123046875
Training,glioma,Tr-gl_439.jpg,512,512,1,18.11328125
Training,glioma,Tr-gl_1177.jpg,512,512,1,27.75
Training,glioma,Tr-gl_40.jpg,512,512,3,19.85546875
Training,glioma,Tr-gl_372.jpg,512,512,1,14.818359375
Training,glioma,Tr-gl_851.jpg,512,512,1,24.5419921875
Training,glioma,Tr-gl_225.jpg,512,512,3,19.40625
Training,glioma,Tr-gl_1078.jpg,512,512,3,28.3828125
Training,glioma,Tr-gl_585.jpg,512,512,3,27.947265625
Training,glioma,Tr-gl_727.jpg,512,512,1,15.0908203125
Training,glioma,Tr-gl_1228.jpg,512,512,1,13.5546875
Training,glioma,Tr-gl_436.jpg,512,512,1,14.5126953125
Training,glioma,Tr-gl_1143.jpg,512,512,1,22.94921875
Training,glioma,Tr-gl_756.jpg,512,512,1,19.0166015625
Training,glioma,Tr-gl_279.jpg,512,512,1,20.4326171875
Training,glioma,Tr-gl_898.jpg,512,512,1,21.228515625
Training,glioma,Tr-gl_879.jpg,512,512,1,15.1181640625
Training,glioma,Tr-gl_404.jpg,512,512,1,17.802734375
Training,glioma,Tr-gl_802.jpg,512,512,1,20.19140625
Training,glioma,Tr-gl_1352.jpg,512,512,1,16.9248046875
Training,glioma,Tr-gl_1126.jpg,512,512,1,16.6767578125
Training,glioma,Tr-gl_1082.jpg,512,512,1,14.0283203125
Training,glioma,Tr-gl_958.jpg,512,512,1,25.912109375
Training,glioma,Tr-gl_158.jpg,512,512,1,13.0576171875
Training,glioma,Tr-gl_271.jpg,512,512,1,19.3798828125
Training,glioma,Tr-gl_1145.jpg,512,512,1,17.23828125
Training,glioma,Tr-gl_1184.jpg,512,512,1,19.9560546875
Training,glioma,Tr-gl_574.jpg,512,512,1,17.9150390625
Training,glioma,Tr-gl_91.jpg,512,512,1,19.55859375
Training,glioma,Tr-gl_410.jpg,512,512,1,17.291015625
Training,glioma,Tr-gl_1299.jpg,512,512,1,25.0283203125
Training,glioma,Tr-gl_420.jpg,512,512,3,26.8046875
Training,glioma,Tr-gl_393.jpg,512,512,1,19.4580078125
Training,glioma,Tr-gl_1385.jpg,512,512,1,24.0361328125
Training,glioma,Tr-gl_974.jpg,512,512,1,20.94140625
Training,glioma,Tr-gl_23.jpg,512,512,1,19.9443359375
Training,glioma,Tr-gl_999.jpg,512,512,1,10.8037109375
Training,glioma,Tr-gl_933.jpg,512,512,1,21.041015625
Training,glioma,Tr-gl_113.jpg,512,512,1,19.03515625
Training,glioma,Tr-gl_861.jpg,512,512,3,20.4658203125
Training,glioma,Tr-gl_909.jpg,512,512,1,17.5205078125
Training,glioma,Tr-gl_1313.jpg,512,512,1,21.6162109375
Training,glioma,Tr-gl_722.jpg,512,512,1,16.2578125
Training,glioma,Tr-gl_13.jpg,512,512,1,14.7763671875
Training,glioma,Tr-gl_590.jpg,512,512,1,19.865234375
Training,glioma,Tr-gl_438.jpg,512,512,1,12.2158203125
Training,glioma,Tr-gl_235.jpg,512,512,1,16.560546875
Training,glioma,Tr-gl_918.jpg,512,512,3,25.3740234375
Training,glioma,Tr-gl_765.jpg,512,512,1,21.0712890625
Training,glioma,Tr-gl_142.jpg,512,512,1,18.2255859375
Training,glioma,Tr-gl_336.jpg,512,512,1,17.5986328125
Training,glioma,Tr-gl_1100.jpg,512,512,1,15.0224609375
Training,glioma,Tr-gl_160.jpg,512,512,1,21.029296875
Training,glioma,Tr-gl_32.jpg,512,512,1,15.826171875
Training,glioma,Tr-gl_478.jpg,512,512,1,24.1259765625
Training,glioma,Tr-gl_231.jpg,512,512,1,20.779296875
Training,glioma,Tr-gl_112.jpg,512,512,1,19.2080078125
Training,glioma,Tr-gl_1388.jpg,512,512,1,17.6611328125
Training,glioma,Tr-gl_784.jpg,512,512,1,17.171875
Training,glioma,Tr-gl_318.jpg,512,512,3,19.46484375
Training,glioma,Tr-gl_1390.jpg,512,512,1,19.0966796875
Training,glioma,Tr-gl_947.jpg,512,512,1,14.2626953125
Training,glioma,Tr-gl_659.jpg,512,512,1,13.7724609375
Training,glioma,Tr-gl_468.jpg,512,512,1,22.916015625
Training,glioma,Tr-gl_923.jpg,512,512,3,21.2734375
Training,glioma,Tr-gl_584.jpg,512,512,3,17.4990234375
Training,glioma,Tr-gl_1261.jpg,512,512,1,23.9638671875
Training,glioma,Tr-gl_226.jpg,512,512,1,20.2568359375
Training,glioma,Tr-gl_193.jpg,512,512,1,12.58984375
Training,glioma,Tr-gl_731.jpg,512,512,1,23.2080078125
Training,glioma,Tr-gl_222.jpg,512,512,1,19.7724609375
Training,glioma,Tr-gl_816.jpg,512,512,1,17.744140625
Training,glioma,Tr-gl_528.jpg,512,512,1,14.6748046875
Training,glioma,Tr-gl_814.jpg,512,512,1,13.55078125
Training,glioma,Tr-gl_474.jpg,512,512,1,16.1103515625
Training,glioma,Tr-gl_405.jpg,512,512,1,24.9326171875
Training,glioma,Tr-gl_1253.jpg,512,512,1,24.9951171875
Training,glioma,Tr-gl_678.jpg,512,512,1,16.4599609375
Training,glioma,Tr-gl_648.jpg,512,512,1,16.3974609375
Training,glioma,Tr-gl_1166.jpg,512,512,1,15.6376953125
Training,glioma,Tr-gl_1085.jpg,512,512,1,13.3427734375
Training,glioma,Tr-gl_120.jpg,512,512,1,22.8720703125
Training,glioma,Tr-gl_1280.jpg,512,512,1,17.00390625
Training,glioma,Tr-gl_896.jpg,512,512,1,21.8671875
Training,glioma,Tr-gl_1293.jpg,512,512,1,15.5654296875
Training,glioma,Tr-gl_993.jpg,512,512,1,16.0390625
Training,glioma,Tr-gl_838.jpg,512,512,1,17.0419921875
Training,glioma,Tr-gl_1115.jpg,512,512,3,24.7099609375
Training,glioma,Tr-gl_448.jpg,512,512,1,13.4912109375
Training,glioma,Tr-gl_441.jpg,512,512,3,27.744140625
Training,glioma,Tr-gl_837.jpg,512,512,3,24.8291015625
Training,glioma,Tr-gl_600.jpg,512,512,1,18.171875
Training,glioma,Tr-gl_713.jpg,512,512,1,25.3603515625
Training,glioma,Tr-gl_200.jpg,512,512,1,14.2578125
Training,glioma,Tr-gl_759.jpg,512,512,1,17.9140625
Training,glioma,Tr-gl_1019.jpg,512,512,1,16.8232421875
Training,glioma,Tr-gl_1209.jpg,512,512,3,32.9541015625
Training,glioma,Tr-gl_996.jpg,512,512,1,19.7138671875
Training,glioma,Tr-gl_728.jpg,512,512,1,19.3125
Training,glioma,Tr-gl_92.jpg,512,512,1,15.646484375
Training,glioma,Tr-gl_28.jpg,512,512,3,25.1884765625
Training,glioma,Tr-gl_54.jpg,512,512,1,17.90625
Training,glioma,Tr-gl_129.jpg,512,512,3,21.2900390625
Training,glioma,Tr-gl_575.jpg,512,512,1,15.9306640625
Training,glioma,Tr-gl_1003.jpg,512,512,1,19.7294921875
Training,glioma,Tr-gl_223.jpg,512,512,1,22.6875
Training,glioma,Tr-gl_661.jpg,512,512,1,15.322265625
Training,glioma,Tr-gl_1327.jpg,512,512,1,19.3056640625
Training,glioma,Tr-gl_674.jpg,512,512,1,16.7294921875
Training,glioma,Tr-gl_1194.jpg,512,512,1,24.5166015625
Training,glioma,Tr-gl_891.jpg,512,512,1,21.6357421875
Training,glioma,Tr-gl_289.jpg,512,512,1,24.6484375
Training,glioma,Tr-gl_916.jpg,512,512,1,15.6201171875
Training,glioma,Tr-gl_427.jpg,512,512,1,17.6708984375
Training,glioma,Tr-gl_1296.jpg,512,512,1,12.0009765625
Training,glioma,Tr-gl_732.jpg,512,512,1,19.7822265625
Training,glioma,Tr-gl_716.jpg,512,512,1,15.2587890625
Training,glioma,Tr-gl_10.jpg,512,512,1,25.8359375
Training,glioma,Tr-gl_842.jpg,512,512,1,13.1787109375
Training,glioma,Tr-gl_335.jpg,512,512,3,26.66015625
Training,glioma,Tr-gl_639.jpg,512,512,1,19.33984375
Training,glioma,Tr-gl_1033.jpg,512,512,3,26.6142578125
Training,glioma,Tr-gl_1204.jpg,512,512,3,27.6015625
Training,glioma,Tr-gl_407.jpg,512,512,1,18.44140625
Training,glioma,Tr-gl_304.jpg,512,512,1,12.306640625
Training,glioma,Tr-gl_18.jpg,512,512,1,13.9208984375
Training,glioma,Tr-gl_1104.jpg,512,512,1,19.0302734375
Training,glioma,Tr-gl_182.jpg,512,512,1,17.3828125
Training,glioma,Tr-gl_1156.jpg,512,512,1,15.4658203125
Training,glioma,Tr-gl_634.jpg,512,512,1,14.5654296875
Training,glioma,Tr-gl_1125.jpg,512,512,1,13.22265625
Training,glioma,Tr-gl_72.jpg,512,512,1,18.138671875
Training,glioma,Tr-gl_123.jpg,512,512,1,26.318359375
Training,glioma,Tr-gl_1234.jpg,512,512,1,19.0146484375
Training,glioma,Tr-gl_955.jpg,512,512,1,14.6865234375
Training,glioma,Tr-gl_614.jpg,512,512,1,17.1865234375
Training,glioma,Tr-gl_751.jpg,512,512,1,19.8798828125
Training,glioma,Tr-gl_1302.jpg,512,512,3,27.244140625
Training,glioma,Tr-gl_710.jpg,512,512,1,20.3984375
Training,glioma,Tr-gl_857.jpg,512,512,1,15.6962890625
Training,glioma,Tr-gl_518.jpg,512,512,1,22.455078125
Training,glioma,Tr-gl_1389.jpg,512,512,1,16.76171875
Training,glioma,Tr-gl_1369.jpg,512,512,3,31.333984375
Training,glioma,Tr-gl_312.jpg,512,512,1,22.248046875
Training,glioma,Tr-gl_977.jpg,512,512,1,18.1904296875
Training,glioma,Tr-gl_426.jpg,512,512,1,16.4130859375
Training,glioma,Tr-gl_546.jpg,512,512,1,20.8369140625
Training,glioma,Tr-gl_692.jpg,512,512,1,20.775390625
Training,glioma,Tr-gl_570.jpg,512,512,1,23.3046875
Training,glioma,Tr-gl_1220.jpg,512,512,1,24.380859375
Training,glioma,Tr-gl_195.jpg,512,512,1,16.251953125
Training,glioma,Tr-gl_152.jpg,512,512,1,18.515625
Training,glioma,Tr-gl_1116.jpg,512,512,1,14.33203125
Training,glioma,Tr-gl_361.jpg,512,512,3,25.3720703125
Training,glioma,Tr-gl_1037.jpg,512,512,1,19.4521484375
Training,glioma,Tr-gl_822.jpg,512,512,1,17.4853515625
Training,glioma,Tr-gl_76.jpg,512,512,3,23.173828125
Training,glioma,Tr-gl_162.jpg,512,512,1,15.7626953125
Training,glioma,Tr-gl_823.jpg,512,512,3,24.95703125
Training,glioma,Tr-gl_1010.jpg,512,512,1,18.224609375
Training,glioma,Tr-gl_1129.jpg,512,512,1,16.685546875
Training,glioma,Tr-gl_901.jpg,512,512,1,12.7763671875
Training,glioma,Tr-gl_1106.jpg,512,512,1,21.244140625
Training,glioma,Tr-gl_16.jpg,512,512,1,12.7890625
Training,meningioma,Tr-me_1032.jpg,1275,1427,3,227.5869140625
Training,meningioma,Tr-aug-me_67.jpg,512,512,3,21.236328125
Training,meningioma,Tr-me_347.jpg,512,512,1,24.1328125
Training,meningioma,Tr-me_1039.jpg,512,512,3,21.8564453125
Training,meningioma,Tr-me_686.jpg,512,512,1,19.236328125
Training,meningioma,Tr-me_177.jpg,512,512,1,19.287109375
Training,meningioma,Tr-me_251.jpg,512,512,3,31.68359375
Training,meningioma,Tr-me_972.jpg,512,512,3,24.8447265625
Training,meningioma,Tr-me_633.jpg,512,512,3,30.064453125
Training,meningioma,Tr-me_132.jpg,512,512,1,19.5634765625
Training,meningioma,Tr-me_732.jpg,512,512,3,24.509765625
Training,meningioma,Tr-me_1151.jpg,512,512,1,16.0166015625
Training,meningioma,Tr-me_791.jpg,512,512,3,28.6845703125
Training,meningioma,Tr-me_800.jpg,512,512,3,32.119140625
Training,meningioma,Tr-me_61.jpg,512,512,3,25.0927734375
Training,meningioma,Tr-me_186.jpg,324,284,3,20.7451171875
Training,meningioma,Tr-me_489.jpg,295,394,3,23.24609375
Training,meningioma,Tr-me_1259.jpg,512,512,3,27.0458984375
Training,meningioma,Tr-me_1082.jpg,512,512,1,17.572265625
Training,meningioma,Tr-me_1087.jpg,512,512,1,15.9208984375
Training,meningioma,Tr-me_953.jpg,512,512,1,15.6337890625
Training,meningioma,Tr-me_532.jpg,512,512,1,26.322265625
Training,meningioma,Tr-me_391.jpg,512,512,3,23.0205078125
Training,meningioma,Tr-me_519.jpg,512,512,3,19.560546875
Training,meningioma,Tr-me_496.jpg,512,512,1,24.07421875
Training,meningioma,Tr-me_6.jpg,512,512,3,18.6494140625
Training,meningioma,Tr-me_1007.jpg,512,512,3,17.9599609375
Training,meningioma,Tr-me_980.jpg,239,248,3,10.9462890625
Training,meningioma,Tr-me_943.jpg,512,512,3,26.3857421875
Training,meningioma,Tr-me_93.jpg,512,512,1,13.6015625
Training,meningioma,Tr-me_109.jpg,369,395,3,19.3583984375
Training,meningioma,Tr-me_102.jpg,512,512,1,17.6025390625
Training,meningioma,Tr-me_480.jpg,512,512,1,16.306640625
Training,meningioma,Tr-me_363.jpg,512,512,3,24.6611328125
Training,meningioma,Tr-me_1109.jpg,512,512,1,19.5625
Training,meningioma,Tr-me_197.jpg,512,512,1,12.8359375
Training,meningioma,Tr-me_1261.jpg,512,512,3,19.5693359375
Training,meningioma,Tr-me_727.jpg,512,512,1,17.294921875
Training,meningioma,Tr-me_565.jpg,512,512,1,18.5
Training,meningioma,Tr-me_1167.jpg,512,512,3,21.197265625
Training,meningioma,Tr-me_516.jpg,512,512,3,17.6240234375
Training,meningioma,Tr-me_1246.jpg,512,512,1,11.341796875
Training,meningioma,Tr-me_591.jpg,512,512,3,17.0234375
Training,meningioma,Tr-me_199.jpg,512,512,1,24.1650390625
Training,meningioma,Tr-me_1047.jpg,512,512,1,20.8740234375
Training,meningioma,Tr-me_555.jpg,512,512,1,22.728515625
Training,meningioma,Tr-me_753.jpg,252,303,3,15.771484375
Training,meningioma,Tr-me_1089.jpg,512,512,1,13.74609375
Training,meningioma,Tr-me_1000.jpg,512,512,3,25.822265625
Training,meningioma,Tr-me_940.jpg,512,512,1,21.984375
Training,meningioma,Tr-me_735.jpg,512,512,3,23.3955078125
Training,meningioma,Tr-aug-me_36.jpg,512,512,3,13.7900390625
Training,meningioma,Tr-me_1080.jpg,512,512,3,24.3115234375
Training,meningioma,Tr-me_174.jpg,512,512,3,26.630859375
Training,meningioma,Tr-me_1214.jpg,512,512,1,19.5400390625
Training,meningioma,Tr-me_488.jpg,512,512,1,17.490234375
Training,meningioma,Tr-me_625.jpg,512,512,3,20.25
Training,meningioma,Tr-me_131.jpg,491,624,3,25.8876953125
Training,meningioma,Tr-me_478.jpg,512,512,3,17.1875
Training,meningioma,Tr-me_1016.jpg,512,512,3,24.1875
Training,meningioma,Tr-me_1211.jpg,512,512,1,21.8896484375
Training,meningioma,Tr-me_437.jpg,442,442,3,25.4267578125
Training,meningioma,Tr-aug-me_12.jpg,512,512,3,24.7138671875
Training,meningioma,Tr-me_458.jpg,554,554,3,23.4990234375
Training,meningioma,Tr-me_227.jpg,512,512,1,20.03125
Training,meningioma,Tr-me_577.jpg,512,512,1,21.6572265625
Training,meningioma,Tr-me_264.jpg,512,512,1,23.4326171875
Training,meningioma,Tr-me_518.jpg,512,512,1,23.4765625
Training,meningioma,Tr-me_763.jpg,512,512,1,19.6767578125
Training,meningioma,Tr-me_959.jpg,512,512,3,19.1171875
Training,meningioma,Tr-me_635.jpg,512,512,1,16.4150390625
Training,meningioma,Tr-me_1194.jpg,215,220,3,8.5966796875
Training,meningioma,Tr-me_1258.jpg,512,512,3,18.513671875
Training,meningioma,Tr-me_285.jpg,512,512,1,18.69140625
Training,meningioma,Tr-me_139.jpg,512,512,3,24.744140625
Training,meningioma,Tr-me_1015.jpg,512,512,3,24.9716796875
Training,meningioma,Tr-me_806.jpg,512,512,1,23.130859375
Training,meningioma,Tr-me_738.jpg,512,512,1,14.4794921875
Training,meningioma,Tr-me_316.jpg,512,512,3,23.60546875
Training,meningioma,Tr-me_1013.jpg,512,512,3,28.904296875
Training,meningioma,Tr-me_100.jpg,512,512,1,17.716796875
Training,meningioma,Tr-me_815.jpg,512,512,1,13.5791015625
Training,meningioma,Tr-me_617.jpg,512,512,1,22.498046875
Training,meningioma,Tr-me_665.jpg,512,512,3,24.201171875
Training,meningioma,Tr-me_717.jpg,315,341,3,16.3740234375
Training,meningioma,Tr-me_1199.jpg,512,512,1,22.962890625
Training,meningioma,Tr-me_1012.jpg,512,512,3,22.4931640625
Training,meningioma,Tr-me_675.jpg,512,512,1,20.13671875
Training,meningioma,Tr-me_1056.jpg,512,512,1,19.2587890625
Training,meningioma,Tr-me_1250.jpg,512,512,1,21.5361328125
Training,meningioma,Tr-me_1034.jpg,512,512,3,22.3427734375
Training,meningioma,Tr-me_835.jpg,512,512,1,14.818359375
Training,meningioma,Tr-me_1033.jpg,512,512,1,18.3701171875
Training,meningioma,Tr-me_983.jpg,512,512,1,20.36328125
Training,meningioma,Tr-me_171.jpg,512,512,3,18.494140625
Training,meningioma,Tr-me_482.jpg,512,512,1,19.7216796875
Training,meningioma,Tr-me_1129.jpg,512,512,3,32.6865234375
Training,meningioma,Tr-me_789.jpg,512,512,1,23.8828125
Training,meningioma,Tr-me_192.jpg,512,512,3,23.16796875
Training,meningioma,Tr-me_805.jpg,512,512,1,20.8935546875
Training,meningioma,Tr-me_834.jpg,512,512,3,25.0869140625
Training,meningioma,Tr-aug-me_82.jpg,512,512,3,21.6748046875
Training,meningioma,Tr-me_880.jpg,200,252,3,8.95703125
Training,meningioma,Tr-me_1059.jpg,512,512,3,22.2978515625
Training,meningioma,Tr-me_510.jpg,512,512,3,22.1201171875
Training,meningioma,Tr-me_950.jpg,512,512,1,13.6923828125
Training,meningioma,Tr-me_814.jpg,512,512,3,14.759765625
Training,meningioma,Tr-me_780.jpg,512,512,3,25.767578125
Training,meningioma,Tr-me_701.jpg,512,512,3,30.8271484375
Training,meningioma,Tr-me_320.jpg,512,512,1,22.423828125
Training,meningioma,Tr-me_219.jpg,512,512,3,27.423828125
Training,meningioma,Tr-me_1285.jpg,512,512,1,17.240234375
Training,meningioma,Tr-me_973.jpg,512,512,1,23.41796875
Training,meningioma,Tr-me_317.jpg,512,512,3,23.0947265625
Training,meningioma,Tr-me_178.jpg,512,512,1,13.7333984375
Training,meningioma,Tr-me_468.jpg,225,225,3,6.8427734375
Training,meningioma,Tr-me_115.jpg,512,512,3,26.2587890625
Training,meningioma,Tr-me_977.jpg,512,512,1,20.3095703125
Training,meningioma,Tr-me_928.jpg,512,512,3,21.908203125
Training,meningioma,Tr-me_291.jpg,512,512,1,20.7041015625
Training,meningioma,Tr-me_581.jpg,512,512,3,28.611328125
Training,meningioma,Tr-me_1041.jpg,512,512,3,24.59765625
Training,meningioma,Tr-aug-me_26.jpg,512,512,3,14.5966796875
Training,meningioma,Tr-me_583.jpg,225,225,3,4.8037109375
Training,meningioma,Tr-me_884.jpg,512,512,3,27.6279296875
Training,meningioma,Tr-me_777.jpg,512,512,3,27.74609375
Training,meningioma,Tr-me_1092.jpg,512,512,3,23.1875
Training,meningioma,Tr-me_1043.jpg,512,512,1,18.39453125
Training,meningioma,Tr-me_73.jpg,512,512,1,23.046875
Training,meningioma,Tr-me_1300.jpg,512,512,3,27.0107421875
Training,meningioma,Tr-me_671.jpg,512,512,3,25.0693359375
Training,meningioma,Tr-me_1152.jpg,512,512,3,23.7783203125
Training,meningioma,Tr-me_381.jpg,512,512,3,19.1279296875
Training,meningioma,Tr-me_189.jpg,512,512,1,21.6806640625
Training,meningioma,Tr-me_419.jpg,512,512,1,19.162109375
Training,meningioma,Tr-me_263.jpg,512,512,3,22.74609375
Training,meningioma,Tr-me_12.jpg,512,512,3,27.224609375
Training,meningioma,Tr-me_546.jpg,512,512,1,17.54296875
Training,meningioma,Tr-me_74.jpg,512,512,3,28.41796875
Training,meningioma,Tr-me_296.jpg,512,512,3,22.080078125
Training,meningioma,Tr-me_866.jpg,512,512,3,22.5859375
Training,meningioma,Tr-me_944.jpg,512,512,1,22.4814453125
Training,meningioma,Tr-me_713.jpg,512,512,1,17.8701171875
Training,meningioma,Tr-aug-me_23.jpg,512,512,3,22.7060546875
Training,meningioma,Tr-me_97.jpg,512,512,1,17.1572265625
Training,meningioma,Tr-me_760.jpg,314,358,3,23.41796875
Training,meningioma,Tr-me_290.jpg,512,512,3,20.8359375
Training,meningioma,Tr-me_961.jpg,512,512,3,23.0390625
Training,meningioma,Tr-me_11.jpg,512,512,3,24.0966796875
Training,meningioma,Tr-me_1156.jpg,512,512,3,30.8828125
Training,meningioma,Tr-me_225.jpg,512,512,3,31.2138671875
Training,meningioma,Tr-me_1120.jpg,512,512,3,27.0439453125
Training,meningioma,Tr-me_1105.jpg,512,512,3,25.240234375
Training,meningioma,Tr-me_759.jpg,512,512,3,30.265625
Training,meningioma,Tr-me_1195.jpg,512,512,3,27.626953125
Training,meningioma,Tr-me_24.jpg,512,512,3,26.00390625
Training,meningioma,Tr-me_258.jpg,512,512,3,22.962890625
Training,meningioma,Tr-me_853.jpg,512,512,3,25.328125
Training,meningioma,Tr-me_1297.jpg,512,512,3,22.9931640625
Training,meningioma,Tr-me_370.jpg,512,512,1,18.421875
Training,meningioma,Tr-me_1283.jpg,512,512,1,18.3828125
Training,meningioma,Tr-me_907.jpg,512,512,1,19.337890625
Training,meningioma,Tr-me_224.jpg,512,512,3,26.345703125
Training,meningioma,Tr-me_670.jpg,512,512,3,27.498046875
Training,meningioma,Tr-me_639.jpg,528,581,3,29.0888671875
Training,meningioma,Tr-me_200.jpg,312,401,3,23.4033203125
Training,meningioma,Tr-me_1001.jpg,512,512,3,24.6748046875
Training,meningioma,Tr-me_1079.jpg,512,512,1,21.1376953125
Training,meningioma,Tr-me_908.jpg,512,512,1,21.8251953125
Training,meningioma,Tr-me_248.jpg,512,512,3,25.533203125
Training,meningioma,Tr-aug-me_90.jpg,512,512,1,13.626953125
Training,meningioma,Tr-aug-me_15.jpg,512,512,3,22.84375
Training,meningioma,Tr-me_353.jpg,512,512,1,12.158203125
Training,meningioma,Tr-me_1149.jpg,512,512,3,24.3857421875
Training,meningioma,Tr-me_912.jpg,512,512,3,30.640625
Training,meningioma,Tr-me_220.jpg,512,512,1,16.2744140625
Training,meningioma,Tr-me_1205.jpg,512,512,1,13.1484375
Training,meningioma,Tr-me_552.jpg,512,512,3,21.244140625
Training,meningioma,Tr-me_755.jpg,512,512,1,17.46875
Training,meningioma,Tr-me_526.jpg,512,512,3,26.111328125
Training,meningioma,Tr-me_772.jpg,512,512,1,20.8740234375
Training,meningioma,Tr-me_1114.jpg,512,512,3,25.97265625
Training,meningioma,Tr-me_1183.jpg,512,512,3,26.396484375
Training,meningioma,Tr-me_744.jpg,512,512,1,21.5625
Training,meningioma,Tr-aug-me_75.jpg,512,512,3,21.421875
Training,meningioma,Tr-me_811.jpg,420,264,3,40.77734375
Training,meningioma,Tr-me_757.jpg,512,512,3,30.869140625
Training,meningioma,Tr-me_1181.jpg,512,512,1,23.6025390625
Training,meningioma,Tr-me_530.jpg,323,342,3,15.4501953125
Training,meningioma,Tr-me_1143.jpg,512,512,1,19.7158203125
Training,meningioma,Tr-aug-me_86.jpg,512,512,3,23.3212890625
Training,meningioma,Tr-me_306.jpg,512,512,3,29.5458984375
Training,meningioma,Tr-me_41.jpg,512,512,3,17.3349609375
Training,meningioma,Tr-me_398.jpg,512,512,3,20.74609375
Training,meningioma,Tr-me_1296.jpg,512,512,3,27.951171875
Training,meningioma,Tr-me_996.jpg,512,512,3,28.7373046875
Training,meningioma,Tr-me_968.jpg,512,512,1,20.4296875
Training,meningioma,Tr-me_1098.jpg,512,512,3,25.48046875
Training,meningioma,Tr-me_390.jpg,512,512,3,21.8623046875
Training,meningioma,Tr-me_770.jpg,512,512,1,21.5068359375
Training,notumor,Tr-no_488.jpg,201,251,3,12.611328125
Training,notumor,Tr-no_883.jpg,173,201,3,8.6865234375
Training,notumor,Tr-no_1283.jpg,630,630,3,43.380859375
Training,notumor,Tr-no_174.jpg,236,315,3,23.6806640625
Training,notumor,Tr-no_1298.jpg,225,225,3,13.80859375
Training,notumor,Tr-no_1324.jpg,215,234,3,16.8583984375
Training,notumor,Tr-no_499.jpg,227,222,3,11.9482421875
Training,notumor,Tr-no_1043.jpg,196,257,3,10.59765625
Training,notumor,Tr-no_1329.jpg,208,242,3,13.048828125
Training,notumor,Tr-no_350.jpg,225,225,3,15.2548828125
Training,notumor,Tr-no_498.jpg,350,393,3,17.556640625
Training,notumor,Tr-no_973.jpg,200,252,3,12.703125
Training,notumor,Tr-no_196.jpg,236,300,3,25.4921875
Training,notumor,Tr-no_23.jpg,359,449,3,18.6181640625
Training,notumor,Tr-no_1292.jpg,232,217,3,9.078125
Training,notumor,Tr-no_1198.jpg,192,192,3,5.8544921875
Training,notumor,Tr-no_443.jpg,504,540,3,50.4287109375
Training,notumor,Tr-no_107.jpg,420,280,3,12.3896484375
Training,notumor,Tr-no_605.jpg,214,236,3,16.779296875
Training,notumor,Tr-no_148.jpg,300,168,3,5.6669921875
Training,notumor,Tr-no_1366.jpg,1280,720,3,148.56640625
Training,notumor,Tr-no_587.jpg,225,225,3,7.2841796875
Training,notumor,Tr-no_383.jpg,236,268,3,18.33203125
Training,notumor,Tr-no_300.jpg,212,280,3,11.3212890625
Training,notumor,Tr-no_158.jpg,400,442,3,20.6572265625
Training,notumor,Tr-no_149.jpg,150,198,3,7.3837890625
Training,notumor,Tr-no_1041.jpg,225,225,3,9.0859375
Training,notumor,Tr-no_955.jpg,220,275,1,14.203125
Training,notumor,Tr-no_1354.jpg,225,225,3,11.5458984375
Training,notumor,Tr-no_473.jpg,227,262,3,14.0234375
Training,notumor,Tr-no_343.jpg,442,454,3,21.6552734375
Training,notumor,Tr-no_251.jpg,630,630,1,52.7607421875
Training,notumor,Tr-no_1126.jpg,232,217,3,14.607421875
Training,notumor,Tr-no_252.jpg,232,217,3,14.4326171875
Training,notumor,Tr-no_386.jpg,225,225,3,7.095703125
Training,notumor,Tr-no_920.jpg,227,300,3,15.11328125
Training,notumor,Tr-no_678.jpg,441,442,3,19.3662109375
Training,notumor,Tr-no_475.jpg,228,221,3,11.25
Training,notumor,Tr-no_991.jpg,228,221,3,8.4375
Training,notumor,Tr-no_727.jpg,214,236,3,10.7041015625
Training,notumor,Tr-no_349.jpg,224,286,3,16.6953125
Training,notumor,Tr-no_1049.jpg,468,444,3,31.541015625
Training,notumor,Tr-no_1210.jpg,468,444,3,38.1259765625
Training,notumor,Tr-no_219.jpg,420,280,3,16.3828125
Training,notumor,Tr-no_1327.jpg,230,282,3,18.1494140625
Training,notumor,Tr-no_809.jpg,215,234,3,11.00390625
Training,notumor,Tr-no_227.jpg,201,251,3,9.6728515625
Training,notumor,Tr-no_1069.jpg,225,225,3,13.1318359375
Training,notumor,Tr-no_1199.jpg,215,234,3,12.94921875
Training,notumor,Tr-no_838.jpg,228,221,3,7.0595703125
Training,notumor,Tr-no_539.jpg,212,236,3,13.7109375
Training,notumor,Tr-no_375.jpg,201,250,3,6.2490234375
Training,notumor,Tr-no_316.jpg,225,225,3,9.01171875
Training,notumor,Tr-no_542.jpg,356,474,3,24.267578125
Training,notumor,Tr-no_856.jpg,214,236,3,10.5986328125
Training,notumor,Tr-no_681.jpg,225,225,3,7.998046875
Training,notumor,Tr-no_448.jpg,512,512,3,44.1162109375
Training,notumor,Tr-no_800.jpg,192,192,3,5.8779296875
Training,notumor,Tr-no_1349.jpg,504,540,3,24.5244140625
Training,notumor,Tr-no_207.jpg,225,225,3,8.4365234375
Training,notumor,Tr-no_108.jpg,218,231,3,7.603515625
Training,notumor,Tr-no_1000.jpg,442,442,3,32.625
Training,notumor,Tr-no_697.jpg,215,234,3,13.072265625
Training,notumor,Tr-no_730.jpg,350,393,3,17.0244140625
Training,notumor,Tr-no_975.jpg,680,680,3,41.5
Training,notumor,Tr-no_1361.jpg,201,250,3,8.740234375
Training,notumor,Tr-no_409.jpg,504,540,3,31.25390625
Training,notumor,Tr-no_533.jpg,221,257,3,12.611328125
Training,notumor,Tr-no_1127.jpg,225,225,3,10.4013671875
Training,notumor,Tr-no_963.jpg,214,236,3,14.9287109375
Training,notumor,Tr-no_347.jpg,225,225,3,5.623046875
Training,notumor,Tr-no_888.jpg,420,280,3,9.78515625
Training,notumor,Tr-no_961.jpg,201,250,3,16.5283203125
Training,notumor,Tr-no_1228.jpg,150,198,3,8.630859375
Training,notumor,Tr-no_292.jpg,235,261,3,14.6826171875
Training,notumor,Tr-no_673.jpg,442,442,3,30.9609375
Training,notumor,Tr-no_308.jpg,236,357,3,25.1552734375
Training,notumor,Tr-no_968.jpg,550,664,3,45.1904296875
Training,notumor,Tr-no_491.jpg,228,221,3,9.18359375
Training,notumor,Tr-no_34.jpg,205,214,3,14.1923828125
Training,notumor,Tr-no_480.jpg,300,168,3,6.021484375
Training,notumor,Tr-no_283.jpg,428,417,3,45.939453125
Training,notumor,Tr-no_760.jpg,236,236,3,6.720703125
Training,notumor,Tr-no_1232.jpg,428,417,3,29.017578125
Training,notumor,Tr-no_1351.jpg,236,239,3,19.6103515625
Training,notumor,Tr-no_513.jpg,206,244,3,9.8896484375
Training,notumor,Tr-no_964.jpg,206,244,3,11.447265625
Training,notumor,Tr-no_437.jpg,227,262,3,16.658203125
Training,notumor,Tr-no_988.jpg,442,442,1,22.810546875
Training,notumor,Tr-no_1319.jpg,236,270,3,16.6962890625
Training,notumor,Tr-no_873.jpg,359,449,3,23.791015625
Training,notumor,Tr-no_788.jpg,400,442,3,20.7001953125
Training,notumor,Tr-no_293.jpg,150,198,3,4.283203125
Training,notumor,Tr-no_487.jpg,224,262,3,16.6328125
Training,notumor,Tr-no_749.jpg,512,512,3,32.8955078125
Training,notumor,Tr-no_1.jpg,201,251,3,12.5068359375
Training,notumor,Tr-no_299.jpg,236,250,3,18.265625
Training,notumor,Tr-no_267.jpg,225,225,3,8.5244140625
Training,notumor,Tr-no_1386.jpg,225,225,3,8.6748046875
Training,notumor,Tr-no_530.jpg,225,225,3,7.69921875
Training,notumor,Tr-no_807.jpg,232,217,3,14.4833984375
Training,notumor,Tr-no_857.jpg,236,236,3,10.3369140625
Training,notumor,Tr-no_945.jpg,236,213,3,14.310546875
Training,notumor,Tr-no_331.jpg,201,251,3,9.458984375
Training,notumor,Tr-no_596.jpg,225,225,3,9.056640625
Training,notumor,Tr-no_552.jpg,630,630,3,54.3466796875
Training,notumor,Tr-no_553.jpg,215,234,3,10.716796875
Training,notumor,Tr-no_984.jpg,228,221,3,5.73046875
Training,notumor,Tr-no_1392.jpg,201,251,3,14.03125
Training,notumor,Tr-no_680.jpg,201,250,3,8.6904296875
Training,notumor,Tr-no_610.jpg,225,225,3,7.0205078125
Training,notumor,Tr-no_1310.jpg,212,238,3,11.603515625
Training,notumor,Tr-no_953.jpg,215,234,3,11.0224609375
Training,notumor,Tr-no_1154.jpg,236,269,3,20.0634765625
Training,notumor,Tr-no_261.jpg,236,251,3,10.921875
Training,notumor,Tr-no_689.jpg,512,512,3,30.9921875
Training,notumor,Tr-no_962.jpg,225,225,3,8.427734375
Training,notumor,Tr-no_905.jpg,450,504,3,27.4970703125
Training,notumor,Tr-no_880.jpg,605,613,3,40.6982421875
Training,notumor,Tr-no_356.jpg,626,575,3,49.0810546875
Training,notumor,Tr-no_1170.jpg,201,251,3,7.1982421875
Training,notumor,Tr-no_171.jpg,275,301,3,24.5166015625
Training,notumor,Tr-no_979.jpg,225,225,3,14.66796875
Training,notumor,Tr-no_31.jpg,630,630,3,52.6640625
Training,notumor,Tr-no_152.jpg,359,449,3,18.0146484375
Training,notumor,Tr-no_1365.jpg,227,222,3,13.6328125
Training,notumor,Tr-no_127.jpg,504,540,3,49.185546875
Training,notumor,Tr-no_1083.jpg,359,449,3,30.77734375
Training,notumor,Tr-no_19.jpg,428,417,3,74.5615234375
Training,notumor,Tr-no_614.jpg,400,442,3,20.66015625
Training,notumor,Tr-no_865.jpg,235,257,3,19.5439453125
Training,notumor,Tr-no_1132.jpg,350,393,3,17.2353515625
Training,notumor,Tr-no_578.jpg,215,234,3,8.1005859375
Training,notumor,Tr-no_501.jpg,232,217,3,7.9970703125
Training,notumor,Tr-no_9.jpg,225,225,3,10.5244140625
Training,notumor,Tr-no_8.jpg,850,872,3,162.1025390625
Training,notumor,Tr-no_1357.jpg,216,302,3,16.216796875
Training,notumor,Tr-no_446.jpg,236,213,3,7.103515625
Training,notumor,Tr-no_65.jpg,232,217,3,9.4921875
Training,notumor,Tr-no_188.jpg,225,225,3,6.3701171875
Training,notumor,Tr-no_1270.jpg,201,250,3,13.4599609375
Training,notumor,Tr-no_948.jpg,227,222,3,12.310546875
Training,notumor,Tr-no_1008.jpg,630,630,3,47.9521484375
Training,notumor,Tr-no_1195.jpg,428,417,3,28.53515625
Training,notumor,Tr-no_521.jpg,173,201,3,6.8818359375
Training,notumor,Tr-no_141.jpg,230,282,3,8.6220703125
Training,notumor,Tr-no_1322.jpg,225,225,3,10.8251953125
Training,notumor,Tr-no_693.jpg,630,630,3,54.3916015625
Training,notumor,Tr-no_595.jpg,201,251,3,12.3037109375
Training,notumor,Tr-no_1090.jpg,453,496,3,28.68359375
Training,notumor,Tr-no_766.jpg,562,592,3,61.9775390625
Training,notumor,Tr-no_198.jpg,648,674,3,72.0478515625
Training,notumor,Tr-no_1221.jpg,215,234,3,16.1689453125
Training,notumor,Tr-no_58.jpg,332,442,3,27.0693359375
Training,notumor,Tr-no_1244.jpg,201,251,3,14.03125
Training,notumor,Tr-no_97.jpg,208,248,3,9.15625
Training,notumor,Tr-no_717.jpg,225,225,3,6.083984375
Training,notumor,Tr-no_769.jpg,201,251,3,13.625
Training,notumor,Tr-no_836.jpg,192,192,3,6.5087890625
Training,notumor,Tr-no_322.jpg,630,630,1,30.1826171875
Training,notumor,Tr-no_554.jpg,227,262,3,9.0810546875
Training,notumor,Tr-no_868.jpg,225,225,3,8.28515625
Training,notumor,Tr-no_669.jpg,225,225,3,12.2607421875
Training,notumor,Tr-no_524.jpg,630,630,3,65.248046875
Training,notumor,Tr-no_560.jpg,380,530,3,28.5048828125
Training,notumor,Tr-no_1291.jpg,452,509,3,30.646484375
Training,notumor,Tr-no_613.jpg,201,250,3,8.77734375
Training,notumor,Tr-no_568.jpg,225,225,3,9.4091796875
Training,notumor,Tr-no_215.jpg,442,442,3,30.2138671875
Training,notumor,Tr-no_194.jpg,420,280,3,16.3828125
Training,notumor,Tr-no_913.jpg,236,243,3,13.4287109375
Training,notumor,Tr-no_249.jpg,225,225,3,6.900390625
Training,notumor,Tr-no_7.jpg,630,630,3,51.3720703125
Training,notumor,Tr-no_631.jpg,225,225,3,9.88671875
Training,notumor,Tr-no_894.jpg,235,215,3,15.44921875
Training,notumor,Tr-no_179.jpg,200,252,3,14.87109375
Training,notumor,Tr-no_244.jpg,208,225,3,15.21875
Training,notumor,Tr-no_549.jpg,228,221,3,7.044921875
Training,notumor,Tr-no_1140.jpg,512,512,3,32.8955078125
Training,notumor,Tr-no_265.jpg,225,225,3,13.2861328125
Training,notumor,Tr-no_170.jpg,235,214,3,12.1650390625
Training,notumor,Tr-no_239.jpg,512,512,3,39.94140625
Training,notumor,Tr-no_357.jpg,230,282,3,8.583984375
Training,notumor,Tr-no_327.jpg,236,236,3,20.33203125
Training,notumor,Tr-no_734.jpg,227,222,3,11.9482421875
Training,notumor,Tr-no_1147.jpg,200,252,3,19.791015625
Training,notumor,Tr-no_1253.jpg,236,218,3,10.2236328125
Training,notumor,Tr-no_1276.jpg,428,417,3,34.578125
Training,notumor,Tr-no_164.jpg,235,214,3,12.5625
Training,notumor,Tr-no_444.jpg,232,217,3,6.767578125
Training,notumor,Tr-no_128.jpg,217,248,3,15.384765625
Training,notumor,Tr-no_1393.jpg,414,496,3,42.9765625
Training,notumor,Tr-no_1116.jpg,393,400,3,19.466796875
Training,notumor,Tr-no_502.jpg,236,213,3,6.8837890625
Training,notumor,Tr-no_49.jpg,442,454,3,48.205078125
Training,notumor,Tr-no_348.jpg,236,236,3,17.8173828125
Training,notumor,Tr-no_739.jpg,206,244,3,9.83203125
Training,notumor,Tr-no_598.jpg,194,259,3,14.5673828125
Training,notumor,Tr-no_504.jpg,227,222,3,12.6591796875
Training,notumor,Tr-no_1112.jpg,227,262,3,9.0810546875
Training,pituitary,Tr-pi_138.jpg,512,512,1,29.3935546875
Training,pituitary,Tr-pi_512.jpg,512,512,1,27.443359375
Training,pituitary,Tr-pi_456.jpg,512,512,1,20.1611328125
Training,pituitary,Tr-pi_815.jpg,512,512,1,19.5009765625
Training,pituitary,Tr-pi_1034.jpg,512,512,1,29.4794921875
Training,pituitary,Tr-pi_80.jpg,512,512,3,32.111328125
Training,pituitary,Tr-pi_44.jpg,512,512,3,30.2470703125
Training,pituitary,Tr-pi_617.jpg,512,512,3,34.6083984375
Training,pituitary,Tr-pi_1009.jpg,512,512,1,23.6064453125
Training,pituitary,Tr-pi_387.jpg,512,512,1,25.193359375
Training,pituitary,Tr-pi_289.jpg,512,512,1,16.9208984375
Training,pituitary,Tr-pi_457.jpg,512,512,1,27.02734375
Training,pituitary,Tr-pi_510.jpg,512,512,3,30.5751953125
Training,pituitary,Tr-pi_730.jpg,512,512,3,22.3046875
Training,pituitary,Tr-pi_745.jpg,512,512,1,27.16796875
Training,pituitary,Tr-pi_850.jpg,512,512,3,34.7998046875
Training,pituitary,Tr-pi_144.jpg,512,512,1,19.189453125
Training,pituitary,Tr-pi_638.jpg,512,512,3,30.7265625
Training,pituitary,Tr-pi_142.jpg,512,512,3,23.037109375
Training,pituitary,Tr-pi_240.jpg,512,512,3,35.0244140625
Training,pituitary,Tr-pi_541.jpg,502,502,3,30.18359375
Training,pituitary,Tr-pi_633.jpg,512,512,1,31.2021484375
Training,pituitary,Tr-pi_1051.jpg,512,512,1,25.0546875
Training,pituitary,Tr-pi_455.jpg,512,512,1,22.890625
Training,pituitary,Tr-pi_358.jpg,512,512,1,26.09375
Training,pituitary,Tr-pi_971.jpg,512,512,3,28.677734375
Training,pituitary,Tr-pi_990.jpg,512,512,3,33.498046875
Training,pituitary,Tr-pi_484.jpg,512,512,1,27.4912109375
Training,pituitary,Tr-pi_1302.jpg,512,512,3,22.08984375
Training,pituitary,Tr-pi_60.jpg,512,512,1,21.841796875
Training,pituitary,Tr-pi_1233.jpg,512,512,3,31.2138671875
Training,pituitary,Tr-pi_886.jpg,512,512,3,30.5771484375
Training,pituitary,Tr-pi_722.jpg,512,512,3,33.35546875
Training,pituitary,Tr-pi_1048.jpg,512,512,1,27.8935546875
Training,pituitary,Tr-pi_464.jpg,512,512,3,36.158203125
Training,pituitary,Tr-pi_83.jpg,512,512,1,28.7998046875
Training,pituitary,Tr-pi_779.jpg,512,512,3,33.1630859375
Training,pituitary,Tr-pi_960.jpg,474,474,3,29.28125
Training,pituitary,Tr-pi_1152.jpg,512,512,3,33.0966796875
Training,pituitary,Tr-pi_923.jpg,512,512,3,28.78515625
Training,pituitary,Tr-pi_528.jpg,624,607,3,72.6279296875
Training,pituitary,Tr-pi_1248.jpg,512,512,3,29.9189453125
Training,pituitary,Tr-pi_59.jpg,512,512,3,28.037109375
Training,pituitary,Tr-pi_1333.jpg,512,512,1,21.7548828125
Training,pituitary,Tr-pi_1090.jpg,512,512,3,31.0947265625
Training,pituitary,Tr-pi_217.jpg,512,512,1,26.9189453125
Training,pituitary,Tr-pi_437.jpg,512,512,1,18.4365234375
Training,pituitary,Tr-pi_341.jpg,256,256,3,13.197265625
Training,pituitary,Tr-pi_1389.jpg,512,512,1,27.4150390625
Training,pituitary,Tr-pi_577.jpg,512,512,1,22.712890625
Training,pituitary,Tr-pi_340.jpg,512,512,3,32.2314453125
Training,pituitary,Tr-pi_360.jpg,512,512,3,28.6318359375
Training,pituitary,Tr-pi_250.jpg,512,512,1,23.8623046875
Training,pituitary,Tr-pi_515.jpg,512,512,3,33.5478515625
Training,pituitary,Tr-pi_202.jpg,512,512,1,25.359375
Training,pituitary,Tr-pi_1149.jpg,512,512,3,32.490234375
Training,pituitary,Tr-pi_605.jpg,512,512,3,31.11328125
Training,pituitary,Tr-pi_1033.jpg,512,512,3,30.783203125
Training,pituitary,Tr-pi_732.jpg,512,512,3,33.5810546875
Training,pituitary,Tr-pi_1094.jpg,512,512,3,31.107421875
Training,pituitary,Tr-pi_383.jpg,512,512,3,31.55078125
Training,pituitary,Tr-pi_151.jpg,512,512,1,29.09765625
Training,pituitary,Tr-pi_937.jpg,512,512,3,30.9228515625
Training,pituitary,Tr-pi_1124.jpg,512,512,1,21.8525390625
Training,pituitary,Tr-pi_94.jpg,512,512,1,23.2607421875
Training,pituitary,Tr-pi_1072.jpg,512,512,3,33.23828125
Training,pituitary,Tr-pi_1055.jpg,512,512,3,27.72265625
Training,pituitary,Tr-pi_194.jpg,512,512,1,26.9482421875
Training,pituitary,Tr-pi_1366.jpg,512,512,3,34.4658203125
Training,pituitary,Tr-pi_1035.jpg,512,512,1,18.0703125
Training,pituitary,Tr-pi_884.jpg,512,512,1,22.2578125
Training,pituitary,Tr-pi_128.jpg,512,512,1,24.6826171875
Training,pituitary,Tr-pi_178.jpg,512,512,3,36.0537109375
Training,pituitary,Tr-pi_1230.jpg,512,512,3,37.2998046875
Training,pituitary,Tr-pi_610.jpg,512,512,1,24.7763671875
Training,pituitary,Tr-pi_973.jpg,512,512,1,25.0810546875
Training,pituitary,Tr-pi_1209.jpg,202,202,3,14.3330078125
Training,pituitary,Tr-pi_140.jpg,512,512,3,29.0048828125
Training,pituitary,Tr-pi_596.jpg,512,512,1,24.5478515625
Training,pituitary,Tr-pi_21.jpg,512,512,3,27.2451171875
Training,pituitary,Tr-pi_418.jpg,256,256,1,11.0263671875
Training,pituitary,Tr-pi_1307.jpg,512,512,1,21.388671875
Training,pituitary,Tr-pi_855.jpg,512,512,3,32.2919921875
Training,pituitary,Tr-pi_858.jpg,512,512,3,28.9365234375
Training,pituitary,Tr-pi_130.jpg,512,512,1,18.271484375
Training,pituitary,Tr-pi_311.jpg,512,512,3,35.064453125
Training,pituitary,Tr-pi_1198.jpg,512,512,1,31.59765625
Training,pituitary,Tr-pi_805.jpg,442,442,3,39.494140625
Training,pituitary,Tr-pi_1045.jpg,512,512,3,33.7861328125
Training,pituitary,Tr-pi_312.jpg,512,512,1,21.052734375
Training,pituitary,Tr-pi_988.jpg,512,512,1,23.763671875
Training,pituitary,Tr-pi_43.jpg,512,512,1,23.98046875
Training,pituitary,Tr-pi_47.jpg,512,512,3,31.6953125
Training,pituitary,Tr-pi_1364.jpg,512,512,1,24.4365234375
Training,pituitary,Tr-pi_1138.jpg,512,512,3,32.115234375
Training,pituitary,Tr-pi_895.jpg,512,512,1,28.2587890625
Training,pituitary,Tr-pi_186.jpg,512,512,3,27.5771484375
Training,pituitary,Tr-pi_1186.jpg,512,512,3,27.79296875
Training,pituitary,Tr-pi_294.jpg,512,512,3,33.5166015625
Training,pituitary,Tr-pi_845.jpg,512,512,1,24.9765625
Training,pituitary,Tr-pi_1220.jpg,512,512,1,24.18359375
Training,pituitary,Tr-pi_782.jpg,512,512,1,20.28125
Training,pituitary,Tr-pi_1074.jpg,512,512,3,28.9296875
Training,pituitary,Tr-pi_379.jpg,512,512,3,33.2080078125
Training,pituitary,Tr-pi_720.jpg,512,512,3,32.2939453125
Training,pituitary,Tr-pi_958.jpg,512,512,3,31.45703125
Training,pituitary,Tr-pi_420.jpg,512,512,1,27.0283203125
Training,pituitary,Tr-pi_1125.jpg,512,512,1,28.435546875
Training,pituitary,Tr-pi_671.jpg,512,512,3,37.44140625
Training,pituitary,Tr-pi_932.jpg,512,512,1,25.232421875
Training,pituitary,Tr-pi_367.jpg,512,512,3,34.0849609375
Training,pituitary,Tr-pi_1020.jpg,512,512,1,24.828125
Training,pituitary,Tr-pi_641.jpg,512,512,3,35.6982421875
Training,pituitary,Tr-pi_1193.jpg,512,512,3,34.5400390625
Training,pituitary,Tr-pi_537.jpg,256,256,3,16.095703125
Training,pituitary,Tr-pi_405.jpg,201,210,3,17.2939453125
Training,pituitary,Tr-pi_91.jpg,512,512,3,34.771484375
Training,pituitary,Tr-pi_586.jpg,512,512,3,32.3232421875
Training,pituitary,Tr-pi_1280.jpg,512,512,3,31.2880859375
Training,pituitary,Tr-pi_540.jpg,512,512,3,32.478515625
Training,pituitary,Tr-pi_1322.jpg,512,512,3,28.9306640625
Training,pituitary,Tr-pi_70.jpg,512,512,3,36.5439453125
Training,pituitary,Tr-pi_938.jpg,512,512,3,32.73046875
Training,pituitary,Tr-pi_236.jpg,512,512,3,36.197265625
Training,pituitary,Tr-pi_874.jpg,512,512,1,24.4970703125
Training,pituitary,Tr-pi_63.jpg,512,512,3,35.798828125
Training,pituitary,Tr-pi_830.jpg,512,512,3,27.373046875
Training,pituitary,Tr-pi_232.jpg,512,512,3,25.4501953125
Training,pituitary,Tr-pi_332.jpg,512,512,1,25.15234375
Training,pituitary,Tr-pi_190.jpg,512,512,3,34.9013671875
Training,pituitary,Tr-pi_1158.jpg,512,512,3,28.3193359375
Training,pituitary,Tr-pi_252.jpg,512,512,3,33.2666015625
Training,pituitary,Tr-pi_57.jpg,512,512,1,28.55859375
Training,pituitary,Tr-pi_188.jpg,512,512,1,21.271484375
Training,pituitary,Tr-pi_595.jpg,512,512,1,29.951171875
Training,pituitary,Tr-pi_79.jpg,512,512,3,32.4443359375
Training,pituitary,Tr-pi_863.jpg,1335,1302,3,261.7890625
Training,pituitary,Tr-pi_970.jpg,512,512,3,31.3427734375
Training,pituitary,Tr-pi_1050.jpg,512,512,1,23.333984375
Training,pituitary,Tr-pi_65.jpg,512,512,3,39.115234375
Training,pituitary,Tr-pi_337.jpg,512,512,1,29.34375
Training,pituitary,Tr-pi_637.jpg,512,512,3,35.681640625
Training,pituitary,Tr-pi_139.jpg,685,681,3,81.3994140625
Training,pituitary,Tr-pi_392.jpg,512,512,3,32.9228515625
Training,pituitary,Tr-pi_214.jpg,512,512,1,23.7412109375
Training,pituitary,Tr-pi_366.jpg,512,512,1,26.341796875
Training,pituitary,Tr-pi_253.jpg,512,512,1,26.7978515625
Training,pituitary,Tr-pi_837.jpg,512,512,3,30.4970703125
Training,pituitary,Tr-pi_247.jpg,256,256,3,13.5224609375
Training,pituitary,Tr-pi_763.jpg,383,436,3,34.8896484375
Training,pituitary,Tr-pi_1016.jpg,512,512,3,33.755859375
Training,pituitary,Tr-pi_691.jpg,512,512,1,25.0537109375
Training,pituitary,Tr-pi_1350.jpg,512,512,1,28.04296875
Training,pituitary,Tr-pi_1156.jpg,512,512,3,30.41796875
Training,pituitary,Tr-pi_183.jpg,512,512,1,27.7314453125
Training,pituitary,Tr-pi_488.jpg,512,512,3,30.775390625
Training,pituitary,Tr-pi_639.jpg,512,512,3,28.982421875
Training,pituitary,Tr-pi_762.jpg,512,512,1,27.0810546875
Training,pituitary,Tr-pi_181.jpg,512,512,1,29.6845703125
Training,pituitary,Tr-pi_616.jpg,512,512,1,20.5595703125
Training,pituitary,Tr-pi_929.jpg,512,512,3,35.033203125
Training,pituitary,Tr-pi_643.jpg,512,512,1,28.529296875
Training,pituitary,Tr-pi_564.jpg,512,512,3,29.880859375
Training,pituitary,Tr-pi_103.jpg,512,512,3,35.6572265625
Training,pituitary,Tr-pi_117.jpg,512,512,1,24.4248046875
Training,pituitary,Tr-pi_280.jpg,512,512,1,27.1484375
Training,pituitary,Tr-pi_146.jpg,512,512,1,21.0439453125
Training,pituitary,Tr-pi_187.jpg,512,512,3,33.791015625
Training,pituitary,Tr-pi_302.jpg,512,512,3,34.7392578125
Training,pituitary,Tr-pi_962.jpg,512,512,3,32.7744140625
Training,pituitary,Tr-pi_810.jpg,256,256,1,12.8115234375
Training,pituitary,Tr-pi_759.jpg,892,826,3,134.68359375
Training,pituitary,Tr-pi_717.jpg,512,512,3,25.3994140625
Training,pituitary,Tr-pi_372.jpg,512,512,3,31.9228515625
Training,pituitary,Tr-pi_522.jpg,512,512,1,23.013671875
Training,pituitary,Tr-pi_753.jpg,512,512,1,24.939453125
Training,pituitary,Tr-pi_348.jpg,512,512,3,34.51953125
Training,pituitary,Tr-pi_575.jpg,512,512,3,23.876953125
Training,pituitary,Tr-pi_237.jpg,512,512,3,33.1455078125
Training,pituitary,Tr-pi_200.jpg,512,512,3,31.3544921875
Training,pituitary,Tr-pi_163.jpg,512,512,3,33.5302734375
Training,pituitary,Tr-pi_1353.jpg,512,512,1,22.6572265625
Training,pituitary,Tr-pi_32.jpg,512,512,1,26.138671875
Training,pituitary,Tr-pi_1218.jpg,512,512,3,29.5224609375
Training,pituitary,Tr-pi_726.jpg,512,512,3,30.578125
Training,pituitary,Tr-pi_134.jpg,512,512,1,29.177734375
Training,pituitary,Tr-pi_1351.jpg,512,512,1,24.384765625
Training,pituitary,Tr-pi_1398.jpg,512,512,1,26.1162109375
Training,pituitary,Tr-pi_630.jpg,512,512,1,29.724609375
Training,pituitary,Tr-pi_248.jpg,512,512,3,31.7900390625
Training,pituitary,Tr-pi_825.jpg,512,512,3,26.017578125
Training,pituitary,Tr-pi_705.jpg,512,512,1,25.94921875
Training,pituitary,Tr-pi_839.jpg,512,512,1,28.1875
Training,pituitary,Tr-pi_26.jpg,512,512,3,31.2646484375
Training,pituitary,Tr-pi_1183.jpg,512,512,1,27.322265625
Training,pituitary,Tr-pi_1356.jpg,512,512,3,29.3642578125
Training,pituitary,Tr-pi_284.jpg,512,512,1,26.3828125
Training,pituitary,Tr-pi_157.jpg,512,512,3,32.9375
Training,pituitary,Tr-pi_403.jpg,512,512,3,29.82421875
Training,pituitary,Tr-pi_1329.jpg,512,512,3,26.7197265625
Testing,glioma,Te-gl_238.jpg,510,602,3,51.634765625
Testing,glioma,Te-gl_105.jpg,512,512,1,18.3310546875
Testing,glioma,Te-gl_65.jpg,512,512,1,19.119140625
Testing,glioma,Te-gl_345.jpg,512,512,1,13.3671875
Testing,glioma,Te-gl_157.jpg,512,512,1,15.16796875
Testing,glioma,Te-gl_225.jpg,512,512,3,16.0009765625
Testing,glioma,Te-gl_12.jpg,512,512,3,20.0205078125
Testing,glioma,Te-gl_123.jpg,512,512,1,15.810546875
Testing,glioma,Te-gl_354.jpg,512,512,1,18.28125
Testing,glioma,Te-gl_233.jpg,512,512,3,34.8515625
Testing,glioma,Te-gl_60.jpg,512,512,1,20.19140625
Testing,glioma,Te-gl_95.jpg,512,512,3,24.376953125
Testing,glioma,Te-gl_393.jpg,512,512,1,12.6337890625
Testing,glioma,Te-gl_86.jpg,386,406,3,33.0556640625
Testing,glioma,Te-gl_325.jpg,512,512,3,14.6162109375
Testing,glioma,Te-gl_146.jpg,512,512,3,22.0068359375
Testing,glioma,Te-gl_104.jpg,512,512,3,25.7607421875
Testing,glioma,Te-gl_363.jpg,512,512,3,31.7861328125
Testing,glioma,Te-gl_23.jpg,512,512,1,18.6943359375
Testing,glioma,Te-gl_315.jpg,512,512,1,19.9619140625
Testing,glioma,Te-gl_32.jpg,249,238,3,17.361328125
Testing,glioma,Te-gl_301.jpg,512,512,1,17.2841796875
Testing,glioma,Te-gl_256.jpg,512,512,3,21.2001953125
Testing,glioma,Te-gl_184.jpg,512,512,1,13.5927734375
Testing,glioma,Te-gl_122.jpg,512,512,1,17.4833984375
Testing,glioma,Te-gl_215.jpg,565,513,3,33.24609375
Testing,glioma,Te-gl_319.jpg,512,512,1,22.564453125
Testing,glioma,Te-gl_151.jpg,319,360,3,19.5390625
Testing,glioma,Te-gl_129.jpg,200,249,3,14.5361328125
Testing,glioma,Te-gl_284.jpg,512,512,3,16.5732421875
Testing,glioma,Te-gl_87.jpg,512,512,3,14.4765625
Testing,glioma,Te-gl_132.jpg,512,512,3,19.841796875
Testing,glioma,Te-gl_365.jpg,512,512,1,19.7958984375
Testing,glioma,Te-gl_39.jpg,200,234,3,16.5302734375
Testing,glioma,Te-gl_55.jpg,512,512,1,24.38671875
Testing,glioma,Te-gl_92.jpg,512,512,1,21.962890625
Testing,glioma,Te-gl_169.jpg,512,512,3,32.6201171875
Testing,glioma,Te-gl_168.jpg,512,512,1,12.9072265625
Testing,glioma,Te-gl_359.jpg,512,512,3,21.857421875
Testing,glioma,Te-gl_239.jpg,512,512,1,20.4990234375
Testing,glioma,Te-gl_138.jpg,512,512,1,22.98046875
Testing,glioma,Te-gl_213.jpg,512,512,1,21.5224609375
Testing,glioma,Te-gl_153.jpg,512,512,1,20.775390625
Testing,glioma,Te-gl_356.jpg,512,512,1,20.3359375
Testing,glioma,Te-gl_291.jpg,512,512,1,15.65625
Testing,glioma,Te-gl_379.jpg,512,512,1,12.3388671875
Testing,glioma,Te-gl_374.jpg,512,512,3,23.01953125
Testing,glioma,Te-gl_384.jpg,512,512,1,22.1484375
Testing,glioma,Te-gl_202.jpg,512,512,1,18.884765625
Testing,glioma,Te-gl_34.jpg,512,512,3,21.7421875
Testing,glioma,Te-gl_274.jpg,512,512,1,16.20703125
Testing,glioma,Te-gl_306.jpg,512,512,1,18.4619140625
Testing,glioma,Te-gl_302.jpg,512,512,1,12.955078125
Testing,glioma,Te-gl_236.jpg,512,512,1,17.7119140625
Testing,glioma,Te-gl_370.jpg,512,512,3,23.7685546875
Testing,glioma,Te-gl_297.jpg,512,512,1,15.3388671875
Testing,glioma,Te-gl_24.jpg,512,512,1,12.796875
Testing,glioma,Te-gl_361.jpg,512,512,1,13.853515625
Testing,glioma,Te-gl_385.jpg,512,512,3,12.9736328125
Testing,glioma,Te-gl_126.jpg,360,380,3,29.0107421875
Testing,glioma,Te-gl_380.jpg,512,512,1,19.615234375
Testing,glioma,Te-gl_144.jpg,544,564,3,47.162109375
Testing,glioma,Te-gl_195.jpg,512,512,1,19.5419921875
Testing,glioma,Te-gl_388.jpg,512,512,1,19.4443359375
Testing,glioma,Te-gl_197.jpg,512,512,1,18.6513671875
Testing,glioma,Te-gl_220.jpg,512,512,3,20.6884765625
Testing,glioma,Te-gl_136.jpg,512,512,3,23.216796875
Testing,glioma,Te-gl_171.jpg,310,380,3,27.5771484375
Testing,glioma,Te-gl_209.jpg,512,512,1,14.349609375
Testing,glioma,Te-gl_179.jpg,512,512,3,20.3310546875
Testing,glioma,Te-gl_353.jpg,512,512,1,19.3486328125
Testing,glioma,Te-gl_133.jpg,526,583,3,43.95703125
Testing,glioma,Te-gl_399.jpg,512,512,1,21.0537109375
Testing,glioma,Te-gl_10.jpg,512,512,1,16.1142578125
Testing,glioma,Te-gl_288.jpg,512,512,1,19.9091796875
Testing,glioma,Te-gl_52.jpg,512,512,1,15.5703125
Testing,glioma,Te-gl_373.jpg,512,512,3,24.7958984375
Testing,glioma,Te-gl_81.jpg,512,512,1,19.376953125
Testing,glioma,Te-gl_90.jpg,512,512,1,22.015625
Testing,glioma,Te-gl_113.jpg,512,512,1,23.90625
Testing,glioma,Te-gl_205.jpg,512,512,1,23.3037109375
Testing,glioma,Te-gl_231.jpg,512,512,1,21.0712890625
Testing,glioma,Te-gl_229.jpg,495,619,3,48.3623046875
Testing,glioma,Te-gl_308.jpg,512,512,1,19.328125
Testing,glioma,Te-gl_131.jpg,512,512,1,25.927734375
Testing,glioma,Te-gl_206.jpg,512,512,3,25.4033203125
Testing,glioma,Te-gl_40.jpg,512,512,1,21.2763671875
Testing,glioma,Te-gl_5.jpg,512,512,3,20.251953125
Testing,glioma,Te-gl_190.jpg,512,512,3,28.3701171875
Testing,glioma,Te-gl_295.jpg,204,245,3,12.9697265625
Testing,glioma,Te-gl_74.jpg,440,398,3,32.76953125
Testing,glioma,Te-gl_35.jpg,512,512,1,22.2294921875
Testing,glioma,Te-gl_68.jpg,236,236,3,12.1767578125
Testing,glioma,Te-gl_97.jpg,504,608,3,49.7958984375
Testing,glioma,Te-gl_221.jpg,512,512,1,17.310546875
Testing,glioma,Te-gl_164.jpg,512,512,1,13.884765625
Testing,glioma,Te-gl_383.jpg,512,512,1,18.7099609375
Testing,glioma,Te-gl_45.jpg,512,512,3,23.4306640625
Testing,glioma,Te-gl_175.jpg,512,512,1,19.0556640625
Testing,glioma,Te-gl_240.jpg,512,512,1,22.2724609375
Testing,glioma,Te-gl_47.jpg,401,475,3,40.87890625
Testing,glioma,Te-gl_386.jpg,512,512,1,12.2138671875
Testing,glioma,Te-gl_300.jpg,512,512,1,16.123046875
Testing,glioma,Te-gl_156.jpg,512,512,3,25.384765625
Testing,glioma,Te-gl_314.jpg,531,577,3,48.37109375
Testing,glioma,Te-gl_63.jpg,512,512,1,13.1376953125
Testing,glioma,Te-gl_285.jpg,512,512,1,20.1611328125
Testing,glioma,Te-gl_224.jpg,512,512,1,15.990234375
Testing,glioma,Te-gl_33.jpg,512,512,3,17.208984375
Testing,glioma,Te-gl_348.jpg,512,512,1,14.2138671875
Testing,glioma,Te-gl_326.jpg,512,512,1,18.04296875
Testing,glioma,Te-gl_367.jpg,512,512,1,20.26953125
Testing,glioma,Te-gl_4.jpg,512,512,1,22.1923828125
Testing,glioma,Te-gl_117.jpg,512,512,1,19.119140625
Testing,glioma,Te-gl_299.jpg,512,512,3,33.1181640625
Testing,glioma,Te-gl_248.jpg,512,512,1,13.8837890625
Testing,glioma,Te-gl_214.jpg,512,512,1,15.78125
Testing,glioma,Te-gl_110.jpg,512,512,1,19.7802734375
Testing,glioma,Te-gl_140.jpg,510,602,3,51.634765625
Testing,glioma,Te-gl_204.jpg,256,256,3,12.8173828125
Testing,glioma,Te-gl_108.jpg,512,512,3,32.279296875
Testing,glioma,Te-gl_222.jpg,512,512,1,19.826171875
Testing,glioma,Te-gl_357.jpg,512,512,1,20.689453125
Testing,glioma,Te-gl_18.jpg,512,512,3,19.2802734375
Testing,glioma,Te-gl_69.jpg,512,512,1,12.87890625
Testing,glioma,Te-gl_338.jpg,524,581,3,45.9853515625
Testing,glioma,Te-gl_51.jpg,512,512,1,22.611328125
Testing,glioma,Te-gl_227.jpg,512,512,1,18.9443359375
Testing,glioma,Te-gl_182.jpg,512,512,1,19.7392578125
Testing,glioma,Te-gl_30.jpg,379,379,3,24.8291015625
Testing,glioma,Te-gl_71.jpg,512,512,3,28.580078125
Testing,glioma,Te-gl_352.jpg,512,512,1,18.7060546875
Testing,glioma,Te-gl_347.jpg,512,512,1,18.318359375
Testing,glioma,Te-gl_26.jpg,512,512,1,19.3271484375
Testing,glioma,Te-gl_392.jpg,512,512,1,18.3681640625
Testing,glioma,Te-gl_252.jpg,512,512,1,16.51953125
Testing,glioma,Te-gl_247.jpg,512,512,3,24.41796875
Testing,glioma,Te-gl_147.jpg,512,512,1,27.8603515625
Testing,glioma,Te-gl_173.jpg,512,512,1,19.62890625
Testing,glioma,Te-gl_250.jpg,512,512,3,23.8671875
Testing,glioma,Te-gl_289.jpg,512,512,1,15.6572265625
Testing,glioma,Te-gl_327.jpg,512,512,1,18.9609375
Testing,glioma,Te-gl_368.jpg,512,512,1,25.8681640625
Testing,glioma,Te-gl_72.jpg,236,298,3,14.0751953125
Testing,glioma,Te-gl_115.jpg,338,411,3,25.71484375
Testing,glioma,Te-gl_203.jpg,512,512,1,17.806640625
Testing,glioma,Te-gl_119.jpg,512,512,1,20.439453125
Testing,glioma,Te-gl_394.jpg,512,512,1,18.197265625
Testing,glioma,Te-gl_89.jpg,512,512,1,25.845703125
Testing,glioma,Te-gl_334.jpg,512,512,1,23.0341796875
Testing,glioma,Te-gl_125.jpg,512,512,1,16.5966796875
Testing,glioma,Te-gl_322.jpg,512,512,3,27.3564453125
Testing,glioma,Te-gl_277.jpg,357,396,3,27.85546875
Testing,glioma,Te-gl_192.jpg,512,512,1,18.6220703125
Testing,glioma,Te-gl_6.jpg,512,512,1,16.6240234375
Testing,glioma,Te-gl_217.jpg,512,512,1,22.28515625
Testing,glioma,Te-gl_29.jpg,512,512,3,38.0634765625
Testing,glioma,Te-gl_1.jpg,354,442,3,29.591796875
Testing,glioma,Te-gl_333.jpg,512,512,1,27.7314453125
Testing,glioma,Te-gl_3.jpg,512,512,1,15.7734375
Testing,glioma,Te-gl_223.jpg,512,512,3,20.921875
Testing,glioma,Te-gl_387.jpg,512,512,3,22.296875
Testing,glioma,Te-gl_194.jpg,512,512,1,21.9365234375
Testing,glioma,Te-gl_396.jpg,512,512,3,24.2177734375
Testing,glioma,Te-gl_142.jpg,512,512,1,22.5966796875
Testing,glioma,Te-gl_218.jpg,373,378,3,23.0185546875
Testing,glioma,Te-gl_343.jpg,512,512,1,17.623046875
Testing,glioma,Te-gl_242.jpg,512,512,3,26.802734375
Testing,glioma,Te-gl_273.jpg,512,512,1,17.181640625
Testing,glioma,Te-gl_61.jpg,512,512,3,16.5966796875
Testing,glioma,Te-gl_243.jpg,512,512,1,18.806640625
Testing,glioma,Te-gl_200.jpg,512,512,3,23.0751953125
Testing,glioma,Te-gl_53.jpg,355,399,3,31.490234375
Testing,glioma,Te-gl_311.jpg,512,512,3,33.265625
Testing,glioma,Te-gl_85.jpg,512,512,3,30.3515625
Testing,glioma,Te-gl_160.jpg,557,641,3,49.5576171875
Testing,glioma,Te-gl_94.jpg,512,512,1,24.8779296875
Testing,glioma,Te-gl_73.jpg,512,512,1,23.1376953125
Testing,glioma,Te-gl_165.jpg,512,512,1,21.7978515625
Testing,glioma,Te-gl_20.jpg,512,512,1,17.603515625
Testing,glioma,Te-gl_339.jpg,512,512,3,16.05859375
Testing,glioma,Te-gl_210.jpg,512,512,1,22.11328125
Testing,glioma,Te-gl_127.jpg,512,512,1,24.0751953125
Testing,glioma,Te-gl_98.jpg,512,512,1,23.8857421875
Testing,glioma,Te-gl_244.jpg,512,512,3,22.517578125
Testing,glioma,Te-gl_364.jpg,512,512,3,33.1181640625
Testing,glioma,Te-gl_283.jpg,512,512,3,18.109375
Testing,glioma,Te-gl_154.jpg,512,512,3,18.5888671875
Testing,glioma,Te-gl_262.jpg,512,512,1,14.548828125
Testing,glioma,Te-gl_135.jpg,512,512,1,17.5830078125
Testing,glioma,Te-gl_170.jpg,620,415,3,36.81640625
Testing,glioma,Te-gl_226.jpg,512,512,1,17.552734375
Testing,glioma,Te-gl_101.jpg,512,512,1,24.7685546875
Testing,glioma,Te-gl_287.jpg,512,512,1,19.3271484375
Testing,glioma,Te-gl_193.jpg,512,512,1,21.009765625
Testing,glioma,Te-gl_93.jpg,512,512,1,16.4091796875
Testing,glioma,Te-gl_150.jpg,512,512,1,18.3994140625
Testing,glioma,Te-gl_323.jpg,326,405,3,25.5263671875
Testing,glioma,Te-gl_313.jpg,305,325,3,19.1962890625
Testing,glioma,Te-gl_371.jpg,512,512,3,29.912109375
Testing,meningioma,Te-me_37.jpg,630,423,3,50.1494140625
Testing,meningioma,Te-aug-me_77.jpg,512,512,3,23.5703125
Testing,meningioma,Te-me_236.jpg,512,512,1,15.16796875
Testing,meningioma,Te-me_69.jpg,512,512,1,17.935546875
Testing,meningioma,Te-me_140.jpg,512,512,1,16.6572265625
Testing,meningioma,Te-me_240.jpg,512,512,1,22.1103515625
Testing,meningioma,Te-me_64.jpg,512,512,1,19.5693359375
Testing,meningioma,Te-me_131.jpg,512,512,1,15.8486328125
Testing,meningioma,Te-me_198.jpg,341,395,3,27.6884765625
Testing,meningioma,Te-me_229.jpg,441,427,3,41.451171875
Testing,meningioma,Te-me_223.jpg,722,690,3,49.5732421875
Testing,meningioma,Te-me_118.jpg,512,512,1,17.78125
Testing,meningioma,Te-me_216.jpg,300,412,3,26.3486328125
Testing,meningioma,Te-me_260.jpg,512,512,1,22.322265625
Testing,meningioma,Te-aug-me_73.jpg,512,512,3,13.49609375
Testing,meningioma,Te-me_183.jpg,512,512,1,19.37890625
Testing,meningioma,Te-aug-me_94.jpg,512,512,3,16.6533203125
Testing,meningioma,Te-me_282.jpg,512,512,1,21.20703125
Testing,meningioma,Te-me_94.jpg,215,234,3,11.8193359375
Testing,meningioma,Te-aug-me_69.jpg,512,512,3,20.8408203125
Testing,meningioma,Te-aug-me_38.jpg,512,512,3,20.0966796875
Testing,meningioma,Te-me_133.jpg,512,512,1,21.78125
Testing,meningioma,Te-me_91.jpg,512,512,1,22.509765625
Testing,meningioma,Te-me_163.jpg,512,512,1,18.0849609375
Testing,meningioma,Te-me_24.jpg,512,512,1,18.0712890625
Testing,meningioma,Te-me_129.jpg,554,554,3,41.12890625
Testing,meningioma,Te-aug-me_10.jpg,512,512,3,26.98828125
Testing,meningioma,Te-me_136.jpg,512,512,1,24.2548828125
Testing,meningioma,Te-me_73.jpg,512,512,1,15.734375
Testing,meningioma,Te-me_143.jpg,512,512,1,19.7705078125
Testing,meningioma,Te-me_277.jpg,472,546,3,50.224609375
Testing,meningioma,Te-me_273.jpg,512,512,1,21.08984375
Testing,meningioma,Te-me_42.jpg,214,235,3,12.37109375
Testing,meningioma,Te-me_231.jpg,645,439,3,43.1513671875
Testing,meningioma,Te-aug-me_75.jpg,512,512,3,25.2685546875
Testing,meningioma,Te-me_211.jpg,512,512,1,20.6748046875
Testing,meningioma,Te-me_254.jpg,512,512,3,20.1259765625
Testing,meningioma,Te-me_90.jpg,512,512,1,19.6044921875
Testing,meningioma,Te-me_165.jpg,402,396,3,31.73046875
Testing,meningioma,Te-me_16.jpg,512,512,1,24.6953125
Testing,meningioma,Te-me_87.jpg,512,512,1,19.841796875
Testing,meningioma,Te-me_257.jpg,512,512,1,23.6748046875
Testing,meningioma,Te-me_180.jpg,200,235,3,14.685546875
Testing,meningioma,Te-me_88.jpg,512,512,1,22.966796875
Testing,meningioma,Te-me_154.jpg,512,512,1,20.228515625
Testing,meningioma,Te-aug-me_93.jpg,512,512,3,25.142578125
Testing,meningioma,Te-me_116.jpg,455,500,3,36.5947265625
Testing,meningioma,Te-me_27.jpg,512,512,1,16.1767578125
Testing,meningioma,Te-me_85.jpg,512,512,3,18.7236328125
Testing,meningioma,Te-me_113.jpg,257,307,3,21.50390625
Testing,meningioma,Te-me_196.jpg,512,512,1,17.3662109375
Testing,meningioma,Te-aug-me_26.jpg,512,512,3,17.65234375
Testing,meningioma,Te-me_152.jpg,512,512,1,14.34765625
Testing,meningioma,Te-me_224.jpg,512,512,3,19.19921875
Testing,meningioma,Te-me_182.jpg,210,240,3,9.9921875
Testing,meningioma,Te-me_184.jpg,374,370,3,27.119140625
Testing,meningioma,Te-me_44.jpg,512,512,1,23.3212890625
Testing,meningioma,Te-me_39.jpg,286,356,3,18.265625
Testing,meningioma,Te-aug-me_76.jpg,512,512,3,17.515625
Testing,meningioma,Te-me_234.jpg,314,358,3,25.787109375
Testing,meningioma,Te-aug-me_22.jpg,512,512,3,22.2705078125
Testing,meningioma,Te-aug-me_64.jpg,512,512,3,22.095703125
Testing,meningioma,Te-me_238.jpg,512,512,1,19.845703125
Testing,meningioma,Te-me_279.jpg,300,258,3,12.91015625
Testing,meningioma,Te-me_159.jpg,300,345,3,27.6376953125
Testing,meningioma,Te-aug-me_52.jpg,512,512,3,19.408203125
Testing,meningioma,Te-me_209.jpg,512,512,1,21.6533203125
Testing,meningioma,Te-me_4.jpg,201,207,3,14.4599609375
Testing,meningioma,Te-me_249.jpg,512,512,1,22.45703125
Testing,meningioma,Te-me_6.jpg,440,278,3,20.1943359375
Testing,meningioma,Te-aug-me_12.jpg,512,512,3,22.46484375
Testing,meningioma,Te-aug-me_72.jpg,512,512,3,20.9423828125
Testing,meningioma,Te-me_195.jpg,238,212,3,11.8525390625
Testing,meningioma,Te-aug-me_78.jpg,512,512,3,17.5849609375
Testing,meningioma,Te-aug-me_40.jpg,512,512,3,22.0205078125
Testing,meningioma,Te-me_222.jpg,512,512,1,16.537109375
Testing,meningioma,Te-me_128.jpg,512,512,1,24.693359375
Testing,meningioma,Te-me_162.jpg,201,251,3,9.7041015625
Testing,meningioma,Te-me_294.jpg,512,512,1,13.146484375
Testing,meningioma,Te-me_19.jpg,341,372,3,26.646484375
Testing,meningioma,Te-aug-me_43.jpg,512,512,3,26.52734375
Testing,meningioma,Te-me_158.jpg,215,220,3,11.876953125
Testing,meningioma,Te-me_252.jpg,213,237,3,11.6025390625
Testing,meningioma,Te-me_181.jpg,512,512,1,21.05078125
Testing,meningioma,Te-me_51.jpg,512,512,3,19.0546875
Testing,meningioma,Te-me_230.jpg,367,395,3,26.3388671875
Testing,meningioma,Te-me_256.jpg,512,512,1,17.7373046875
Testing,meningioma,Te-me_48.jpg,512,512,1,20.9287109375
Testing,meningioma,Te-me_80.jpg,512,512,1,14.6533203125
Testing,meningioma,Te-me_114.jpg,512,512,1,24.8896484375
Testing,meningioma,Te-me_139.jpg,352,322,3,21.0634765625
Testing,meningioma,Te-me_110.jpg,512,512,1,20.5205078125
Testing,meningioma,Te-aug-me_48.jpg,512,512,3,25.2998046875
Testing,meningioma,Te-me_206.jpg,252,303,3,17.5537109375
Testing,meningioma,Te-aug-me_51.jpg,512,512,3,20.2412109375
Testing,meningioma,Te-me_38.jpg,512,512,1,19.345703125
Testing,meningioma,Te-me_210.jpg,411,396,3,36.462890625
Testing,meningioma,Te-aug-me_83.jpg,512,512,3,21.966796875
Testing,meningioma,Te-me_144.jpg,224,216,3,10.830078125
Testing,meningioma,Te-aug-me_19.jpg,512,512,3,22.24609375
Testing,meningioma,Te-aug-me_27.jpg,512,512,3,20.294921875
Testing,meningioma,Te-me_156.jpg,341,377,3,36.77734375
Testing,meningioma,Te-aug-me_31.jpg,512,512,3,20.9755859375
Testing,meningioma,Te-me_141.jpg,512,512,3,22.6796875
Testing,meningioma,Te-me_171.jpg,306,306,3,23.76953125
Testing,meningioma,Te-me_179.jpg,341,395,3,27.6884765625
Testing,meningioma,Te-me_204.jpg,512,512,1,21.3955078125
Testing,meningioma,Te-me_86.jpg,256,256,3,16.8662109375
Testing,meningioma,Te-me_119.jpg,512,512,1,20.5146484375
Testing,meningioma,Te-me_250.jpg,512,512,1,20.2021484375
Testing,meningioma,Te-me_53.jpg,512,512,1,21.8759765625
Testing,meningioma,Te-aug-me_9.jpg,512,512,3,26.7958984375
Testing,meningioma,Te-aug-me_85.jpg,512,512,3,21.455078125
Testing,meningioma,Te-aug-me_87.jpg,512,512,3,24.375
Testing,meningioma,Te-aug-me_42.jpg,512,512,3,24.58203125
Testing,meningioma,Te-me_5.jpg,257,248,3,15.2490234375
Testing,meningioma,Te-me_117.jpg,209,241,3,12.6640625
Testing,meningioma,Te-me_235.jpg,455,500,3,36.5947265625
Testing,meningioma,Te-me_34.jpg,512,512,1,20.2255859375
Testing,meningioma,Te-me_112.jpg,512,512,1,18.09375
Testing,meningioma,Te-me_219.jpg,262,308,3,23.9970703125
Testing,meningioma,Te-me_123.jpg,512,512,1,23.0458984375
Testing,meningioma,Te-me_218.jpg,512,512,1,15.8525390625
Testing,meningioma,Te-me_61.jpg,554,554,3,33.0048828125
Testing,meningioma,Te-aug-me_102.jpg,512,512,3,22.6806640625
Testing,meningioma,Te-me_220.jpg,512,512,1,21.931640625
Testing,meningioma,Te-me_285.jpg,1149,1019,3,118.71484375
Testing,meningioma,Te-aug-me_79.jpg,512,512,3,22.60546875
Testing,meningioma,Te-aug-me_4.jpg,512,512,3,19.4306640625
Testing,meningioma,Te-me_21.jpg,512,512,1,19.154296875
Testing,meningioma,Te-me_93.jpg,491,624,3,37.3740234375
Testing,meningioma,Te-me_278.jpg,530,526,3,33.375
Testing,meningioma,Te-me_201.jpg,512,512,1,23.955078125
Testing,meningioma,Te-me_121.jpg,216,216,3,11.533203125
Testing,meningioma,Te-me_36.jpg,512,512,1,18.638671875
Testing,meningioma,Te-me_145.jpg,512,512,3,21.416015625
Testing,meningioma,Te-aug-me_98.jpg,512,512,3,18.5751953125
Testing,meningioma,Te-me_55.jpg,512,512,1,16.1513671875
Testing,meningioma,Te-me_65.jpg,512,512,1,20.6533203125
Testing,meningioma,Te-aug-me_55.jpg,512,512,3,18.7119140625
Testing,meningioma,Te-me_115.jpg,512,512,1,22.90625
Testing,meningioma,Te-me_262.jpg,591,650,3,61.0009765625
Testing,meningioma,Te-me_272.jpg,534,674,3,66.052734375
Testing,meningioma,Te-me_142.jpg,512,512,1,19.2294921875
Testing,meningioma,Te-me_237.jpg,512,512,1,21.3486328125
Testing,meningioma,Te-aug-me_103.jpg,512,512,3,20.5185546875
Testing,meningioma,Te-me_96.jpg,554,554,3,33.59375
Testing,meningioma,Te-me_79.jpg,512,512,1,20.4384765625
Testing,meningioma,Te-me_293.jpg,224,219,3,14.0927734375
Testing,meningioma,Te-me_243.jpg,200,252,3,12.6162109375
Testing,meningioma,Te-aug-me_7.jpg,512,512,3,22.9814453125
Testing,meningioma,Te-aug-me_100.jpg,512,512,3,24.068359375
Testing,meningioma,Te-me_74.jpg,512,512,1,19.8935546875
Testing,meningioma,Te-me_205.jpg,225,225,3,10.8076171875
Testing,meningioma,Te-me_164.jpg,512,512,3,15.98828125
Testing,meningioma,Te-me_186.jpg,314,195,3,13.9228515625
Testing,meningioma,Te-me_178.jpg,512,512,1,19.8955078125
Testing,meningioma,Te-aug-me_17.jpg,512,512,3,21.84375
Testing,meningioma,Te-me_245.jpg,512,512,3,19.9970703125
Testing,meningioma,Te-me_146.jpg,512,512,3,20.5439453125
Testing,meningioma,Te-me_225.jpg,512,512,3,26.5888671875
Testing,meningioma,Te-me_120.jpg,512,512,1,19.77734375
Testing,meningioma,Te-me_199.jpg,512,512,1,22.2119140625
Testing,meningioma,Te-me_214.jpg,528,581,3,41.1240234375
Testing,meningioma,Te-me_258.jpg,512,512,1,20.193359375
Testing,meningioma,Te-me_26.jpg,507,605,3,53.5400390625
Testing,meningioma,Te-me_185.jpg,512,512,1,14.6953125
Testing,meningioma,Te-me_190.jpg,212,237,3,11.7607421875
Testing,meningioma,Te-aug-me_59.jpg,512,512,3,20.3896484375
Testing,meningioma,Te-me_30.jpg,369,395,3,27.0654296875
Testing,meningioma,Te-me_191.jpg,512,512,1,17.4833984375
Testing,meningioma,Te-aug-me_88.jpg,512,512,3,23.345703125
Testing,meningioma,Te-aug-me_57.jpg,512,512,3,14.4970703125
Testing,meningioma,Te-me_290.jpg,213,236,3,14.033203125
Testing,meningioma,Te-aug-me_5.jpg,512,512,3,21.6572265625
Testing,meningioma,Te-me_149.jpg,225,225,3,8.63671875
Testing,meningioma,Te-me_43.jpg,512,512,1,17.66796875
Testing,meningioma,Te-me_297.jpg,512,512,3,17.0048828125
Testing,meningioma,Te-me_60.jpg,512,512,1,17.8642578125
Testing,meningioma,Te-me_172.jpg,512,512,3,17.146484375
Testing,meningioma,Te-me_242.jpg,512,512,1,23.775390625
Testing,meningioma,Te-me_232.jpg,338,345,3,18.5537109375
Testing,meningioma,Te-me_78.jpg,512,512,3,21.767578125
Testing,meningioma,Te-me_2.jpg,318,354,3,20.2490234375
Testing,meningioma,Te-me_287.jpg,512,512,1,16.6923828125
Testing,meningioma,Te-me_150.jpg,512,512,1,23.0732421875
Testing,meningioma,Te-aug-me_28.jpg,512,512,3,20.0078125
Testing,meningioma,Te-me_200.jpg,512,512,1,19.1279296875
Testing,meningioma,Te-me_155.jpg,512,512,1,18.97265625
Testing,meningioma,Te-aug-me_15.jpg,512,512,3,21.4931640625
Testing,meningioma,Te-me_32.jpg,512,512,1,19.5791015625
Testing,meningioma,Te-me_188.jpg,512,512,1,22.8671875
Testing,meningioma,Te-me_107.jpg,512,512,1,14.9306640625
Testing,meningioma,Te-aug-me_13.jpg,512,512,3,22.9404296875
Testing,meningioma,Te-me_14.jpg,512,512,1,20.81640625
Testing,meningioma,Te-aug-me_90.jpg,512,512,3,23.7880859375
Testing,meningioma,Te-me_175.jpg,212,238,3,13.4521484375
Testing,meningioma,Te-aug-me_36.jpg,512,512,3,15.59765625
Testing,meningioma,Te-me_276.jpg,416,395,3,34.1259765625
Testing,meningioma,Te-aug-me_74.jpg,512,512,3,15.9833984375
Testing,notumor,Te-no_25.jpg,227,222,3,10.9560546875
Testing,notumor,Te-no_83.jpg,642,361,3,22.2939453125
Testing,notumor,Te-no_290.jpg,225,225,3,7.9951171875
Testing,notumor,Te-no_18.jpg,230,282,3,8.5693359375
Testing,notumor,Te-no_191.jpg,642,361,3,22.015625
Testing,notumor,Te-no_16.jpg,380,530,3,18.3916015625
Testing,notumor,Te-no_348.jpg,194,259,3,10.5576171875
Testing,notumor,Te-no_268.jpg,201,251,3,8.4140625
Testing,notumor,Te-no_343.jpg,208,242,3,12.2392578125
Testing,notumor,Te-no_33.jpg,225,225,3,7.3720703125
Testing,notumor,Te-no_224.jpg,225,225,3,7.8046875
Testing,notumor,Te-no_175.jpg,227,222,3,8.3525390625
Testing,notumor,Te-no_217.jpg,300,168,3,4.7314453125
Testing,notumor,Te-no_320.jpg,207,243,3,9.5595703125
Testing,notumor,Te-no_235.jpg,227,222,3,12.189453125
Testing,notumor,Te-no_98.jpg,235,214,3,8.0400390625
Testing,notumor,Te-no_255.jpg,218,231,3,9.77734375
Testing,notumor,Te-no_151.jpg,194,259,3,10.2646484375
Testing,notumor,Te-no_314.jpg,225,225,3,7.91015625
Testing,notumor,Te-no_133.jpg,228,221,3,6.9765625
Testing,notumor,Te-no_164.jpg,642,361,3,17.990234375
Testing,notumor,Te-no_202.jpg,225,225,3,7.783203125
Testing,notumor,Te-no_50.jpg,380,530,3,18.70703125
Testing,notumor,Te-no_72.jpg,630,630,3,29.33984375
Testing,notumor,Te-no_5.jpg,380,530,3,18.52734375
Testing,notumor,Te-no_282.jpg,225,225,3,10.5732421875
Testing,notumor,Te-no_356.jpg,208,242,3,12.091796875
Testing,notumor,Te-no_92.jpg,236,270,3,20.6044921875
Testing,notumor,Te-no_140.jpg,225,225,3,9.1875
Testing,notumor,Te-no_281.jpg,206,244,3,7.29296875
Testing,notumor,Te-no_105.jpg,232,217,3,8.20703125
Testing,notumor,Te-no_220.jpg,350,393,3,17.2822265625
Testing,notumor,Te-no_346.jpg,232,217,3,6.6982421875
Testing,notumor,Te-no_156.jpg,200,252,3,9.904296875
Testing,notumor,Te-no_308.jpg,208,242,3,11.4716796875
Testing,notumor,Te-no_269.jpg,206,244,3,7.3076171875
Testing,notumor,Te-no_49.jpg,630,630,1,19.62109375
Testing,notumor,Te-no_66.jpg,642,361,3,17.9169921875
Testing,notumor,Te-no_22.jpg,235,214,3,12.4287109375
Testing,notumor,Te-no_369.jpg,359,449,3,23.7431640625
Testing,notumor,Te-no_275.jpg,225,225,3,6.9462890625
Testing,notumor,Te-no_393.jpg,194,259,3,10.33984375
Testing,notumor,Te-no_270.jpg,276,326,3,14.8291015625
Testing,notumor,Te-no_149.jpg,300,168,3,4.5751953125
Testing,notumor,Te-no_77.jpg,236,280,3,15.98046875
Testing,notumor,Te-no_206.jpg,504,540,3,23.6201171875
Testing,notumor,Te-no_316.jpg,442,454,3,29.994140625
Testing,notumor,Te-no_11.jpg,220,275,1,13.400390625
Testing,notumor,Te-no_385.jpg,200,252,3,9.927734375
Testing,notumor,Te-no_358.jpg,201,251,3,9.3642578125
Testing,notumor,Te-no_99.jpg,150,198,3,7.8515625
Testing,notumor,Te-no_380.jpg,276,326,3,14.9404296875
Testing,notumor,Te-no_200.jpg,642,361,3,23.1083984375
Testing,notumor,Te-no_398.jpg,442,454,3,21.580078125
Testing,notumor,Te-no_128.jpg,630,630,3,29.271484375
Testing,notumor,Te-no_392.jpg,201,251,3,12.7421875
Testing,notumor,Te-no_312.jpg,228,221,3,7.8466796875
Testing,notumor,Te-no_238.jpg,225,225,3,8.3759765625
Testing,notumor,Te-no_399.jpg,227,262,3,11.88671875
Testing,notumor,Te-no_288.jpg,235,214,3,8.021484375
Testing,notumor,Te-no_152.jpg,225,225,3,7.9462890625
Testing,notumor,Te-no_163.jpg,630,630,3,41.44140625
Testing,notumor,Te-no_12.jpg,227,222,3,13.2197265625
Testing,notumor,Te-no_116.jpg,225,225,3,8.4306640625
Testing,notumor,Te-no_239.jpg,206,244,3,7.1455078125
Testing,notumor,Te-no_326.jpg,225,225,3,10.4296875
Testing,notumor,Te-no_44.jpg,173,201,3,6.9482421875
Testing,notumor,Te-no_143.jpg,236,213,3,7.2353515625
Testing,notumor,Te-no_207.jpg,225,225,3,9.0771484375
Testing,notumor,Te-no_347.jpg,212,238,3,9.009765625
Testing,notumor,Te-no_161.jpg,428,417,3,28.515625
Testing,notumor,Te-no_278.jpg,359,449,3,18.30078125
Testing,notumor,Te-no_68.jpg,201,251,3,15.037109375
Testing,notumor,Te-no_27.jpg,194,259,3,10.28515625
Testing,notumor,Te-no_93.jpg,192,192,3,5.87109375
Testing,notumor,Te-no_292.jpg,201,250,3,8.8642578125
Testing,notumor,Te-no_37.jpg,150,198,3,7.4072265625
Testing,notumor,Te-no_170.jpg,225,225,3,8.3515625
Testing,notumor,Te-no_97.jpg,177,197,3,7.29296875
Testing,notumor,Te-no_144.jpg,630,630,3,48.0693359375
Testing,notumor,Te-no_324.jpg,201,251,3,8.5
Testing,notumor,Te-no_383.jpg,201,251,3,11.146484375
Testing,notumor,Te-no_287.jpg,192,192,3,6.3896484375
Testing,notumor,Te-no_228.jpg,235,214,3,8.04296875
Testing,notumor,Te-no_113.jpg,225,225,3,9.0087890625
Testing,notumor,Te-no_61.jpg,201,251,3,9.6806640625
Testing,notumor,Te-no_2.jpg,232,217,3,9.609375
Testing,notumor,Te-no_303.jpg,227,222,3,8.3505859375
Testing,notumor,Te-no_52.jpg,230,282,3,11.681640625
Testing,notumor,Te-no_79.jpg,228,221,3,6.966796875
Testing,notumor,Te-no_266.jpg,225,225,3,8.87890625
Testing,notumor,Te-no_388.jpg,225,225,3,8.6435546875
Testing,notumor,Te-no_67.jpg,680,680,3,53.9013671875
Testing,notumor,Te-no_35.jpg,201,251,3,12.8125
Testing,notumor,Te-no_264.jpg,201,251,3,14.439453125
Testing,notumor,Te-no_127.jpg,428,417,3,35.326171875
Testing,notumor,Te-no_76.jpg,225,225,3,7.0166015625
Testing,notumor,Te-no_226.jpg,207,243,3,9.34375
Testing,notumor,Te-no_187.jpg,468,444,3,22.8486328125
Testing,notumor,Te-no_155.jpg,228,221,3,6.82421875
Testing,notumor,Te-no_394.jpg,218,231,3,7.505859375
Testing,notumor,Te-no_73.jpg,150,198,3,7.3544921875
Testing,notumor,Te-no_197.jpg,441,442,3,19.3427734375
Testing,notumor,Te-no_108.jpg,225,225,3,5.9736328125
Testing,notumor,Te-no_121.jpg,236,236,3,12.0849609375
Testing,notumor,Te-no_252.jpg,442,442,3,20.505859375
Testing,notumor,Te-no_210.jpg,642,361,3,17.884765625
Testing,notumor,Te-no_157.jpg,225,225,3,7.673828125
Testing,notumor,Te-no_36.jpg,227,262,3,9.2021484375
Testing,notumor,Te-no_194.jpg,234,224,3,10.7333984375
Testing,notumor,Te-no_130.jpg,206,244,3,10.9873046875
Testing,notumor,Te-no_354.jpg,276,326,3,11.525390625
Testing,notumor,Te-no_195.jpg,428,417,3,21.8515625
Testing,notumor,Te-no_199.jpg,215,234,3,8.552734375
Testing,notumor,Te-no_58.jpg,225,225,3,7.3515625
Testing,notumor,Te-no_250.jpg,232,217,3,7.8173828125
Testing,notumor,Te-no_167.jpg,236,236,3,10.849609375
Testing,notumor,Te-no_10.jpg,225,225,3,9.66015625
Testing,notumor,Te-no_371.jpg,504,540,3,28.365234375
Testing,notumor,Te-no_166.jpg,630,630,3,35.7822265625
Testing,notumor,Te-no_159.jpg,236,236,3,12.1171875
Testing,notumor,Te-no_65.jpg,208,248,3,9.16015625
Testing,notumor,Te-no_214.jpg,276,326,3,11.6904296875
Testing,notumor,Te-no_96.jpg,212,238,3,10.7666015625
Testing,notumor,Te-no_15.jpg,225,225,3,7.8154296875
Testing,notumor,Te-no_110.jpg,300,168,3,5.9052734375
Testing,notumor,Te-no_94.jpg,225,225,3,8.03125
Testing,notumor,Te-no_71.jpg,227,222,3,11.1513671875
Testing,notumor,Te-no_374.jpg,225,225,3,7.2890625
Testing,notumor,Te-no_208.jpg,225,225,3,10.7021484375
Testing,notumor,Te-no_248.jpg,630,630,1,24.5732421875
Testing,notumor,Te-no_106.jpg,150,198,3,9.322265625
Testing,notumor,Te-no_375.jpg,214,236,3,10.58984375
Testing,notumor,Te-no_70.jpg,225,225,3,7.705078125
Testing,notumor,Te-no_122.jpg,680,680,3,53.8916015625
Testing,notumor,Te-no_362.jpg,201,251,3,8.71875
Testing,notumor,Te-no_293.jpg,550,664,3,41.84765625
Testing,notumor,Te-no_85.jpg,428,417,3,27.48828125
Testing,notumor,Te-no_59.jpg,630,630,3,43.2333984375
Testing,notumor,Te-no_318.jpg,227,262,3,12.2958984375
Testing,notumor,Te-no_305.jpg,225,225,3,7.955078125
Testing,notumor,Te-no_378.jpg,235,214,3,8.154296875
Testing,notumor,Te-no_6.jpg,275,183,3,5.7197265625
Testing,notumor,Te-no_307.jpg,400,442,3,28.43359375
Testing,notumor,Te-no_51.jpg,235,214,3,8.1669921875
Testing,notumor,Te-no_317.jpg,232,217,3,9.7197265625
Testing,notumor,Te-no_240.jpg,393,400,3,20.2470703125
Testing,notumor,Te-no_109.jpg,356,474,3,24.5615234375
Testing,notumor,Te-no_267.jpg,150,198,3,7.568359375
Testing,notumor,Te-no_28.jpg,225,225,3,7.7783203125
Testing,notumor,Te-no_63.jpg,200,252,3,9.34765625
Testing,notumor,Te-no_299.jpg,228,221,3,7.658203125
Testing,notumor,Te-no_355.jpg,420,280,3,12.7080078125
Testing,notumor,Te-no_219.jpg,194,259,3,10.1318359375
Testing,notumor,Te-no_169.jpg,512,512,3,19.8046875
Testing,notumor,Te-no_204.jpg,380,530,3,18.4521484375
Testing,notumor,Te-no_247.jpg,194,259,3,14.8857421875
Testing,notumor,Te-no_344.jpg,630,630,3,30.4248046875
Testing,notumor,Te-no_112.jpg,225,225,3,8.2890625
Testing,notumor,Te-no_209.jpg,225,225,3,6.98828125
Testing,notumor,Te-no_294.jpg,227,262,3,9.0048828125
Testing,notumor,Te-no_95.jpg,225,225,3,9.068359375
Testing,notumor,Te-no_198.jpg,227,222,3,10.634765625
Testing,notumor,Te-no_257.jpg,225,225,3,9.708984375
Testing,notumor,Te-no_123.jpg,225,225,3,7.9697265625
Testing,notumor,Te-no_211.jpg,428,417,3,35.265625
Testing,notumor,Te-no_263.jpg,227,262,3,12.1552734375
Testing,notumor,Te-no_323.jpg,359,449,3,27.9755859375
Testing,notumor,Te-no_329.jpg,227,222,3,10.4580078125
Testing,notumor,Te-no_115.jpg,150,198,3,6.029296875
Testing,notumor,Te-no_117.jpg,225,225,3,7.68359375
Testing,notumor,Te-no_173.jpg,232,217,3,9.66796875
Testing,notumor,Te-no_400.jpg,468,444,3,29.2529296875
Testing,notumor,Te-no_132.jpg,276,326,3,13.884765625
Testing,notumor,Te-no_386.jpg,225,225,3,8.03125
Testing,notumor,Te-no_334.jpg,225,225,3,8.880859375
Testing,notumor,Te-no_162.jpg,504,540,3,28.3447265625
Testing,notumor,Te-no_242.jpg,225,225,3,8.5908203125
Testing,notumor,Te-no_245.jpg,400,442,3,28.421875
Testing,notumor,Te-no_233.jpg,201,251,3,9.63671875
Testing,notumor,Te-no_225.jpg,512,512,3,24.07421875
Testing,notumor,Te-no_309.jpg,512,512,3,19.822265625
Testing,notumor,Te-no_174.jpg,441,442,3,18.9619140625
Testing,notumor,Te-no_370.jpg,215,234,3,8.21484375
Testing,notumor,Te-no_236.jpg,225,225,3,10.759765625
Testing,notumor,Te-no_339.jpg,630,630,3,42.9970703125
Testing,notumor,Te-no_359.jpg,207,243,3,14.9853515625
Testing,notumor,Te-no_203.jpg,225,225,3,7.427734375
Testing,notumor,Te-no_215.jpg,236,213,3,7.3193359375
Testing,notumor,Te-no_47.jpg,225,225,3,8.3134765625
Testing,notumor,Te-no_357.jpg,428,417,3,34.630859375
Testing,notumor,Te-no_365.jpg,235,233,3,13.6708984375
Testing,notumor,Te-no_372.jpg,630,630,3,40.8251953125
Testing,notumor,Te-no_260.jpg,225,225,3,8.5029296875
Testing,notumor,Te-no_125.jpg,630,630,3,42.5380859375
Testing,notumor,Te-no_53.jpg,206,244,3,8.9658203125
Testing,notumor,Te-no_249.jpg,225,225,3,7.6005859375
Testing,notumor,Te-no_276.jpg,630,630,3,28.8955078125
Testing,notumor,Te-no_352.jpg,300,168,3,4.7314453125
Testing,notumor,Te-no_265.jpg,212,238,3,9.1806640625
Testing,pituitary,Te-pi_199.jpg,512,512,3,33.6953125
Testing,pituitary,Te-pi_298.jpg,512,512,3,35.2802734375
Testing,pituitary,Te-pi_307.jpg,512,512,1,23.19140625
Testing,pituitary,Te-pi_203.jpg,512,512,3,32.98046875
Testing,pituitary,Te-pi_29.jpg,512,512,1,24.2490234375
Testing,pituitary,Te-pi_255.jpg,512,512,1,24.095703125
Testing,pituitary,Te-pi_308.jpg,512,512,3,30.6806640625
Testing,pituitary,Te-pi_283.jpg,512,512,1,25.8623046875
Testing,pituitary,Te-pi_290.jpg,512,512,1,23.591796875
Testing,pituitary,Te-pi_75.jpg,512,512,1,24.177734375
Testing,pituitary,Te-pi_142.jpg,512,512,1,27.0908203125
Testing,pituitary,Te-pi_243.jpg,512,512,1,25.40625
Testing,pituitary,Te-pi_296.jpg,512,512,1,25.41015625
Testing,pituitary,Te-pi_89.jpg,512,512,3,25.529296875
Testing,pituitary,Te-pi_45.jpg,512,512,1,23.4853515625
Testing,pituitary,Te-pi_216.jpg,512,512,1,23.740234375
Testing,pituitary,Te-pi_271.jpg,512,512,1,28.841796875
Testing,pituitary,Te-pi_17.jpg,512,512,1,24.8837890625
Testing,pituitary,Te-pi_55.jpg,512,512,3,27.8544921875
Testing,pituitary,Te-pi_317.jpg,512,512,1,28.376953125
Testing,pituitary,Te-pi_13.jpg,512,512,1,26.7734375
Testing,pituitary,Te-pi_140.jpg,512,512,1,25.8427734375
Testing,pituitary,Te-pi_138.jpg,512,512,1,25.9755859375
Testing,pituitary,Te-pi_141.jpg,512,512,3,31.7548828125
Testing,pituitary,Te-pi_299.jpg,512,512,1,26.5439453125
Testing,pituitary,Te-pi_143.jpg,512,512,1,25.2138671875
Testing,pituitary,Te-pi_270.jpg,512,512,1,23.0712890625
Testing,pituitary,Te-pi_159.jpg,512,512,1,25.6123046875
Testing,pituitary,Te-pi_355.jpg,512,512,1,26.2216796875
Testing,pituitary,Te-pi_126.jpg,512,512,1,22.6025390625
Testing,pituitary,Te-pi_37.jpg,512,512,1,22.4375
Testing,pituitary,Te-pi_358.jpg,512,512,1,29.49609375
Testing,pituitary,Te-pi_70.jpg,512,512,1,29.439453125
Testing,pituitary,Te-pi_250.jpg,512,512,1,28.94921875
Testing,pituitary,Te-pi_48.jpg,512,512,1,25.505859375
Testing,pituitary,Te-pi_155.jpg,512,512,1,24.7919921875
Testing,pituitary,Te-pi_289.jpg,512,512,1,22.7802734375
Testing,pituitary,Te-pi_262.jpg,512,512,1,24.5322265625
Testing,pituitary,Te-pi_86.jpg,512,512,1,20.2080078125
Testing,pituitary,Te-pi_294.jpg,512,512,1,22.1650390625
Testing,pituitary,Te-pi_122.jpg,512,512,1,30.2783203125
Testing,pituitary,Te-pi_231.jpg,512,512,1,23.9560546875
Testing,pituitary,Te-pi_376.jpg,512,512,1,23.9990234375
Testing,pituitary,Te-pi_242.jpg,512,512,1,23.046875
Testing,pituitary,Te-pi_261.jpg,256,256,1,11.2353515625
Testing,pituitary,Te-pi_147.jpg,512,512,1,26.18359375
Testing,pituitary,Te-pi_365.jpg,512,512,1,29.9423828125
Testing,pituitary,Te-pi_332.jpg,512,512,1,26.5458984375
Testing,pituitary,Te-pi_197.jpg,512,512,1,22.4306640625
Testing,pituitary,Te-pi_170.jpg,512,512,3,30.9140625
Testing,pituitary,Te-pi_41.jpg,512,512,1,27.078125
Testing,pituitary,Te-pi_320.jpg,512,512,1,21.9462890625
Testing,pituitary,Te-pi_201.jpg,512,512,1,25.9619140625
Testing,pituitary,Te-pi_149.jpg,512,512,1,18.7158203125
Testing,pituitary,Te-pi_260.jpg,512,512,1,23.8876953125
Testing,pituitary,Te-pi_73.jpg,512,512,1,20.435546875
Testing,pituitary,Te-pi_269.jpg,512,512,1,25.875
Testing,pituitary,Te-pi_151.jpg,512,512,1,19.6845703125
Testing,pituitary,Te-pi_227.jpg,512,512,1,24.1875
Testing,pituitary,Te-pi_363.jpg,512,512,1,25.1318359375
Testing,pituitary,Te-pi_202.jpg,512,512,1,26.1943359375
Testing,pituitary,Te-pi_297.jpg,512,512,1,28.0126953125
Testing,pituitary,Te-pi_7.jpg,512,512,1,20.810546875
Testing,pituitary,Te-pi_386.jpg,512,512,1,25.716796875
Testing,pituitary,Te-pi_382.jpg,512,512,3,31.6005859375
Testing,pituitary,Te-pi_396.jpg,512,512,1,28.4208984375
Testing,pituitary,Te-pi_356.jpg,512,512,3,26.2333984375
Testing,pituitary,Te-pi_110.jpg,512,512,1,29.251953125
Testing,pituitary,Te-pi_38.jpg,512,512,1,28.890625
Testing,pituitary,Te-pi_221.jpg,512,512,1,26.3759765625
Testing,pituitary,Te-pi_111.jpg,512,512,1,25.4580078125
Testing,pituitary,Te-pi_182.jpg,512,512,1,26.7255859375
Testing,pituitary,Te-pi_224.jpg,512,512,1,24.3935546875
Testing,pituitary,Te-pi_241.jpg,512,512,1,26.2568359375
Testing,pituitary,Te-pi_94.jpg,512,512,1,22.3984375
Testing,pituitary,Te-pi_5.jpg,512,512,1,23.5419921875
Testing,pituitary,Te-pi_101.jpg,512,512,3,33.228515625
Testing,pituitary,Te-pi_395.jpg,512,512,3,24.591796875
Testing,pituitary,Te-pi_165.jpg,512,512,1,25.0869140625
Testing,pituitary,Te-pi_36.jpg,512,512,1,24.1904296875
Testing,pituitary,Te-pi_284.jpg,512,512,1,22.353515625
Testing,pituitary,Te-pi_130.jpg,512,512,1,26.228515625
Testing,pituitary,Te-pi_164.jpg,512,512,1,27.630859375
Testing,pituitary,Te-pi_112.jpg,512,512,1,28.044921875
Testing,pituitary,Te-pi_8.jpg,512,512,3,24.3154296875
Testing,pituitary,Te-pi_343.jpg,512,512,1,28.3779296875
Testing,pituitary,Te-pi_99.jpg,512,512,3,28.9326171875
Testing,pituitary,Te-pi_272.jpg,512,512,1,27.32421875
Testing,pituitary,Te-pi_292.jpg,512,512,1,28.8662109375
Testing,pituitary,Te-pi_93.jpg,512,512,3,30.630859375
Testing,pituitary,Te-pi_256.jpg,512,512,1,28.2353515625
Testing,pituitary,Te-pi_171.jpg,512,512,1,21.94921875
Testing,pituitary,Te-pi_27.jpg,512,512,1,23.115234375
Testing,pituitary,Te-pi_6.jpg,512,512,1,28.8603515625
Testing,pituitary,Te-pi_249.jpg,512,512,3,28.482421875
Testing,pituitary,Te-pi_360.jpg,512,512,1,23.1650390625
Testing,pituitary,Te-pi_79.jpg,512,512,1,22.4970703125
Testing,pituitary,Te-pi_62.jpg,512,512,1,24.1708984375
Testing,pituitary,Te-pi_54.jpg,512,512,3,30.8505859375
Testing,pituitary,Te-pi_377.jpg,512,512,1,23.1884765625
Testing,pituitary,Te-pi_121.jpg,512,512,1,22.724609375
Testing,pituitary,Te-pi_136.jpg,512,512,1,25.4833984375
Testing,pituitary,Te-pi_394.jpg,512,512,1,22.4873046875
Testing,pituitary,Te-pi_302.jpg,512,512,1,27.9482421875
Testing,pituitary,Te-pi_295.jpg,512,512,1,24.9658203125
Testing,pituitary,Te-pi_322.jpg,512,512,1,27.177734375
Testing,pituitary,Te-pi_366.jpg,512,512,1,24.7236328125
Testing,pituitary,Te-pi_91.jpg,512,512,1,23.896484375
Testing,pituitary,Te-pi_367.jpg,512,512,1,23.60546875
Testing,pituitary,Te-pi_381.jpg,512,512,1,24.0283203125
Testing,pituitary,Te-pi_335.jpg,512,512,1,23.4775390625
Testing,pituitary,Te-pi_47.jpg,512,512,1,27.7744140625
Testing,pituitary,Te-pi_258.jpg,512,512,1,20.9287109375
Testing,pituitary,Te-pi_98.jpg,512,512,1,27.2783203125
Testing,pituitary,Te-pi_15.jpg,512,512,1,25.7041015625
Testing,pituitary,Te-pi_23.jpg,512,512,1,25.51171875
Testing,pituitary,Te-pi_323.jpg,512,512,1,24.966796875
Testing,pituitary,Te-pi_341.jpg,512,512,1,24.7548828125
Testing,pituitary,Te-pi_240.jpg,512,512,3,31.8427734375
Testing,pituitary,Te-pi_12.jpg,512,512,1,26.548828125
Testing,pituitary,Te-pi_20.jpg,512,512,1,24.9853515625
Testing,pituitary,Te-pi_281.jpg,512,512,1,25.2080078125
Testing,pituitary,Te-pi_124.jpg,512,512,1,24.34765625
Testing,pituitary,Te-pi_390.jpg,512,512,3,27.8427734375
Testing,pituitary,Te-pi_193.jpg,512,512,1,26.4716796875
Testing,pituitary,Te-pi_238.jpg,512,512,1,28.8291015625
Testing,pituitary,Te-pi_82.jpg,512,512,1,26.2041015625
Testing,pituitary,Te-pi_162.jpg,512,512,1,22.2060546875
Testing,pituitary,Te-pi_85.jpg,512,512,1,23.486328125
Testing,pituitary,Te-pi_232.jpg,512,512,1,23.5419921875
Testing,pituitary,Te-pi_25.jpg,512,512,1,24.0400390625
Testing,pituitary,Te-pi_154.jpg,512,512,1,23.4599609375
Testing,pituitary,Te-pi_348.jpg,512,512,1,26.6083984375
Testing,pituitary,Te-pi_328.jpg,512,512,3,27.7353515625
Testing,pituitary,Te-pi_357.jpg,512,512,1,28.7939453125
Testing,pituitary,Te-pi_18.jpg,512,512,1,23.755859375
Testing,pituitary,Te-pi_74.jpg,512,512,3,25.974609375
Testing,pituitary,Te-pi_274.jpg,512,512,1,21.8798828125
Testing,pituitary,Te-pi_204.jpg,512,512,1,24.775390625
Testing,pituitary,Te-pi_33.jpg,512,512,1,23.8662109375
Testing,pituitary,Te-pi_65.jpg,512,512,1,22.900390625
Testing,pituitary,Te-pi_131.jpg,512,512,1,22.455078125
Testing,pituitary,Te-pi_282.jpg,512,512,1,26.234375
Testing,pituitary,Te-pi_118.jpg,512,512,3,29.873046875
Testing,pituitary,Te-pi_30.jpg,512,512,3,25.8095703125
Testing,pituitary,Te-pi_102.jpg,512,512,1,34.3232421875
Testing,pituitary,Te-pi_334.jpg,512,512,1,20.0390625
Testing,pituitary,Te-pi_310.jpg,512,512,1,26.740234375
Testing,pituitary,Te-pi_116.jpg,512,512,1,20.66796875
Testing,pituitary,Te-pi_338.jpg,512,512,1,25.671875
Testing,pituitary,Te-pi_71.jpg,512,512,1,23.79296875
Testing,pituitary,Te-pi_61.jpg,512,512,1,22.3671875
Testing,pituitary,Te-pi_198.jpg,512,512,1,27.10546875
Testing,pituitary,Te-pi_230.jpg,512,512,1,27.732421875
Testing,pituitary,Te-pi_192.jpg,512,512,1,19.4296875
Testing,pituitary,Te-pi_56.jpg,512,512,1,22.6240234375
Testing,pituitary,Te-pi_246.jpg,512,512,1,26.9326171875
Testing,pituitary,Te-pi_195.jpg,512,512,1,22.5810546875
Testing,pituitary,Te-pi_166.jpg,512,512,3,31.375
Testing,pituitary,Te-pi_125.jpg,512,512,1,26.2353515625
Testing,pituitary,Te-pi_32.jpg,512,512,1,25.4248046875
Testing,pituitary,Te-pi_103.jpg,512,512,1,26.427734375
Testing,pituitary,Te-pi_174.jpg,512,512,3,29.271484375
Testing,pituitary,Te-pi_372.jpg,512,512,1,25.5888671875
Testing,pituitary,Te-pi_387.jpg,512,512,1,22.234375
Testing,pituitary,Te-pi_393.jpg,512,512,3,23.830078125
Testing,pituitary,Te-pi_327.jpg,512,512,1,25.4716796875
Testing,pituitary,Te-pi_362.jpg,512,512,1,22.5615234375
Testing,pituitary,Te-pi_42.jpg,512,512,3,25.9833984375
Testing,pituitary,Te-pi_39.jpg,512,512,1,25.2431640625
Testing,pituitary,Te-pi_119.jpg,512,512,1,21.0576171875
Testing,pituitary,Te-pi_2.jpg,512,512,3,26.2958984375
Testing,pituitary,Te-pi_63.jpg,512,512,1,27.158203125
Testing,pituitary,Te-pi_123.jpg,512,512,1,27.8916015625
Testing,pituitary,Te-pi_67.jpg,512,512,1,27.576171875
Testing,pituitary,Te-pi_304.jpg,512,512,1,22.99609375
Testing,pituitary,Te-pi_234.jpg,512,512,1,27.611328125
Testing,pituitary,Te-pi_191.jpg,512,512,1,26.248046875
Testing,pituitary,Te-pi_22.jpg,512,512,1,24.05078125
Testing,pituitary,Te-pi_117.jpg,512,512,3,30.7265625
Testing,pituitary,Te-pi_190.jpg,512,512,1,23.177734375
Testing,pituitary,Te-pi_370.jpg,512,512,1,26.05078125
Testing,pituitary,Te-pi_90.jpg,512,512,1,28.740234375
Testing,pituitary,Te-pi_177.jpg,512,512,1,27.9208984375
Testing,pituitary,Te-pi_4.jpg,512,512,1,28.388671875
Testing,pituitary,Te-pi_176.jpg,512,512,3,30.4609375
Testing,pituitary,Te-pi_279.jpg,512,512,1,20.8701171875
Testing,pituitary,Te-pi_311.jpg,512,512,1,25.6845703125
Testing,pituitary,Te-pi_325.jpg,512,512,3,30.634765625
Testing,pituitary,Te-pi_400.jpg,512,512,1,25.650390625
Testing,pituitary,Te-pi_245.jpg,512,512,3,36.48828125
Testing,pituitary,Te-pi_315.jpg,512,512,3,26.720703125
Testing,pituitary,Te-pi_220.jpg,512,512,1,23.8408203125
Testing,pituitary,Te-pi_66.jpg,512,512,1,22.857421875
Testing,pituitary,Te-pi_76.jpg,512,512,1,25.01171875
Testing,pituitary,Te-pi_278.jpg,512,512,1,25.3896484375
Testing,pituitary,Te-pi_337.jpg,512,512,1,24.931640625
Testing,pituitary,Te-pi_330.jpg,512,512,1,22.9443359375
Testing,pituitary,Te-pi_267.jpg,512,512,1,28.3525390625
Testing,pituitary,Te-pi_248.jpg,512,512,3,33.3583984375
